timestamps,S1_PID_0B_IntakeManiAbsPress
2019-09-27 17:19:59.908849955+01:00,28
2019-09-27 17:20:00.109100103+01:00,28
2019-09-27 17:20:00.309099913+01:00,28
2019-09-27 17:20:00.509049891+01:00,28
2019-09-27 17:20:00.709650040+01:00,28
2019-09-27 17:20:00.909600019+01:00,28
2019-09-27 17:20:01.109600067+01:00,28
2019-09-27 17:20:01.309400082+01:00,28
2019-09-27 17:20:01.509299994+01:00,28
2019-09-27 17:20:01.709850073+01:00,28
2019-09-27 17:20:01.904949903+01:00,28
2019-09-27 17:20:02.109400034+01:00,28
2019-09-27 17:20:02.309499979+01:00,28
2019-09-27 17:20:02.509350061+01:00,28
2019-09-27 17:20:02.709399939+01:00,28
2019-09-27 17:20:02.909100056+01:00,28
2019-09-27 17:20:03.109149933+01:00,28
2019-09-27 17:20:03.309149981+01:00,28
2019-09-27 17:20:03.509150028+01:00,28
2019-09-27 17:20:03.709150076+01:00,28
2019-09-27 17:20:03.909650087+01:00,28
2019-09-27 17:20:04.109200001+01:00,28
2019-09-27 17:20:04.309350014+01:00,28
2019-09-27 17:20:04.505199909+01:00,28
2019-09-27 17:20:04.709399939+01:00,28
2019-09-27 17:20:04.909499884+01:00,28
2019-09-27 17:20:05.109250069+01:00,28
2019-09-27 17:20:05.309499979+01:00,28
2019-09-27 17:20:05.509299994+01:00,28
2019-09-27 17:20:05.709300041+01:00,28
2019-09-27 17:20:05.909349918+01:00,28
2019-09-27 17:20:06.109400034+01:00,28
2019-09-27 17:20:06.309400082+01:00,28
2019-09-27 17:20:06.509449959+01:00,28
2019-09-27 17:20:06.705300093+01:00,28
2019-09-27 17:20:06.909650087+01:00,28
2019-09-27 17:20:07.109400034+01:00,28
2019-09-27 17:20:07.309449911+01:00,28
2019-09-27 17:20:07.509399891+01:00,28
2019-09-27 17:20:07.709599972+01:00,28
2019-09-27 17:20:07.909450054+01:00,28
2019-09-27 17:20:08.109450102+01:00,28
2019-09-27 17:20:08.309499979+01:00,28
2019-09-27 17:20:08.509550095+01:00,28
2019-09-27 17:20:08.709450006+01:00,28
2019-09-27 17:20:08.909499884+01:00,28
2019-09-27 17:20:09.109549999+01:00,28
2019-09-27 17:20:09.309550047+01:00,28
2019-09-27 17:20:09.509749888+01:00,28
2019-09-27 17:20:09.709549904+01:00,28
2019-09-27 17:20:09.909600019+01:00,28
2019-09-27 17:20:10.109600067+01:00,28
2019-09-27 17:20:10.309600115+01:00,28
2019-09-27 17:20:10.509649992+01:00,28
2019-09-27 17:20:10.709800005+01:00,28
2019-09-27 17:20:10.909749985+01:00,28
2019-09-27 17:20:11.109750032+01:00,28
2019-09-27 17:20:11.309950113+01:00,28
2019-09-27 17:20:11.510699986+01:00,28
2019-09-27 17:20:11.705300093+01:00,28
2019-09-27 17:20:11.909699917+01:00,28
2019-09-27 17:20:12.109999895+01:00,28
2019-09-27 17:20:12.309750080+01:00,28
2019-09-27 17:20:12.509850025+01:00,29
2019-09-27 17:20:12.709749937+01:00,29
2019-09-27 17:20:12.909950018+01:00,28
2019-09-27 17:20:13.109899998+01:00,28
2019-09-27 17:20:13.309799910+01:00,28
2019-09-27 17:20:13.509900093+01:00,28
2019-09-27 17:20:13.710000038+01:00,29
2019-09-27 17:20:13.909849882+01:00,28
2019-09-27 17:20:14.109999895+01:00,28
2019-09-27 17:20:14.309950113+01:00,28
2019-09-27 17:20:14.509900093+01:00,28
2019-09-27 17:20:14.705849886+01:00,29
2019-09-27 17:20:14.909899950+01:00,29
2019-09-27 17:20:15.110049963+01:00,28
2019-09-27 17:20:15.309950113+01:00,28
2019-09-27 17:20:15.510200024+01:00,28
2019-09-27 17:20:15.710000038+01:00,28
2019-09-27 17:20:15.910099983+01:00,28
2019-09-27 17:20:16.110100031+01:00,28
2019-09-27 17:20:16.311350107+01:00,28
2019-09-27 17:20:16.510050058+01:00,28
2019-09-27 17:20:16.710099936+01:00,28
2019-09-27 17:20:16.910049915+01:00,28
2019-09-27 17:20:17.110100031+01:00,28
2019-09-27 17:20:17.310199976+01:00,28
2019-09-27 17:20:17.510200024+01:00,28
2019-09-27 17:20:17.710200071+01:00,27
2019-09-27 17:20:17.910200119+01:00,27
2019-09-27 17:20:18.110150099+01:00,27
2019-09-27 17:20:18.310149908+01:00,27
2019-09-27 17:20:18.510149956+01:00,27
2019-09-27 17:20:18.710400105+01:00,27
2019-09-27 17:20:18.910449982+01:00,28
2019-09-27 17:20:19.110300064+01:00,28
2019-09-27 17:20:19.311450005+01:00,27
2019-09-27 17:20:19.510499954+01:00,27
2019-09-27 17:20:19.710249901+01:00,27
2019-09-27 17:20:19.910249949+01:00,26
2019-09-27 17:20:20.110549927+01:00,27
2019-09-27 17:20:20.310349941+01:00,27
2019-09-27 17:20:20.510400057+01:00,28
2019-09-27 17:20:20.710400105+01:00,28
2019-09-27 17:20:20.910500050+01:00,30
2019-09-27 17:20:21.110549927+01:00,38
2019-09-27 17:20:21.310450077+01:00,41
2019-09-27 17:20:21.510449885+01:00,40
2019-09-27 17:20:21.710350037+01:00,38
2019-09-27 17:20:21.910350084+01:00,38
2019-09-27 17:20:22.110399961+01:00,38
2019-09-27 17:20:22.310400009+01:00,38
2019-09-27 17:20:22.510449885+01:00,39
2019-09-27 17:20:22.710550070+01:00,38
2019-09-27 17:20:22.910449982+01:00,36
2019-09-27 17:20:23.106499910+01:00,35
2019-09-27 17:20:23.310499907+01:00,34
2019-09-27 17:20:23.510449885+01:00,34
2019-09-27 17:20:23.710500002+01:00,33
2019-09-27 17:20:23.910650015+01:00,33
2019-09-27 17:20:24.110549927+01:00,32
2019-09-27 17:20:24.310549974+01:00,32
2019-09-27 17:20:24.510550022+01:00,32
2019-09-27 17:20:24.710550070+01:00,32
2019-09-27 17:20:24.910550117+01:00,33
2019-09-27 17:20:25.110650063+01:00,34
2019-09-27 17:20:25.310650110+01:00,35
2019-09-27 17:20:25.510600089+01:00,35
2019-09-27 17:20:25.710649967+01:00,34
2019-09-27 17:20:25.910650015+01:00,35
2019-09-27 17:20:26.110699892+01:00,36
2019-09-27 17:20:26.310650110+01:00,36
2019-09-27 17:20:26.511049985+01:00,35
2019-09-27 17:20:26.710700035+01:00,35
2019-09-27 17:20:26.910700083+01:00,35
2019-09-27 17:20:27.110749960+01:00,34
2019-09-27 17:20:27.306349993+01:00,33
2019-09-27 17:20:27.510750055+01:00,33
2019-09-27 17:20:27.710799932+01:00,34
2019-09-27 17:20:27.910799980+01:00,33
2019-09-27 17:20:28.110850096+01:00,32
2019-09-27 17:20:28.310800076+01:00,34
2019-09-27 17:20:28.510849953+01:00,42
2019-09-27 17:20:28.710850+01:00,43
2019-09-27 17:20:28.910850048+01:00,42
2019-09-27 17:20:29.110899925+01:00,44
2019-09-27 17:20:29.310899973+01:00,44
2019-09-27 17:20:29.510900021+01:00,44
2019-09-27 17:20:29.710900068+01:00,43
2019-09-27 17:20:29.910900116+01:00,43
2019-09-27 17:20:50.908149958+01:00,25
2019-09-27 17:20:51.112499952+01:00,23
2019-09-27 17:20:51.312649965+01:00,22
2019-09-27 17:20:51.512500048+01:00,22
2019-09-27 17:20:51.712399960+01:00,22
2019-09-27 17:20:51.912600040+01:00,22
2019-09-27 17:20:52.112449884+01:00,25
2019-09-27 17:20:52.312449932+01:00,31
2019-09-27 17:20:52.513350010+01:00,37
2019-09-27 17:20:52.712500095+01:00,40
2019-09-27 17:20:52.912499905+01:00,40
2019-09-27 17:20:53.112550020+01:00,41
2019-09-27 17:20:53.312550068+01:00,41
2019-09-27 17:20:53.512550116+01:00,41
2019-09-27 17:20:53.712650061+01:00,40
2019-09-27 17:20:53.912699938+01:00,33
2019-09-27 17:20:54.112600088+01:00,29
2019-09-27 17:20:54.312700033+01:00,25
2019-09-27 17:20:54.512599944+01:00,22
2019-09-27 17:20:54.712599993+01:00,21
2019-09-27 17:20:54.912650108+01:00,21
2019-09-27 17:20:55.112649918+01:00,21
2019-09-27 17:20:55.313950062+01:00,23
2019-09-27 17:20:55.512700081+01:00,25
2019-09-27 17:20:55.712699890+01:00,26
2019-09-27 17:20:55.912699938+01:00,27
2019-09-27 17:20:56.112750053+01:00,27
2019-09-27 17:20:56.312750101+01:00,27
2019-09-27 17:20:56.512749910+01:00,27
2019-09-27 17:20:56.712749958+01:00,31
2019-09-27 17:20:56.912750006+01:00,35
2019-09-27 17:20:57.112799883+01:00,36
2019-09-27 17:20:57.312799931+01:00,38
2019-09-27 17:20:57.513000011+01:00,45
2019-09-27 17:20:57.712850094+01:00,46
2019-09-27 17:20:57.912849903+01:00,45
2019-09-27 17:20:58.114099979+01:00,44
2019-09-27 17:20:58.312999964+01:00,41
2019-09-27 17:20:58.512900114+01:00,41
2019-09-27 17:20:58.713049889+01:00,41
2019-09-27 17:20:58.913000107+01:00,41
2019-09-27 17:20:59.112950087+01:00,39
2019-09-27 17:20:59.312949896+01:00,37
2019-09-27 17:20:59.512949944+01:00,33
2019-09-27 17:20:59.713150024+01:00,31
2019-09-27 17:20:59.913000107+01:00,28
2019-09-27 17:21:00.113049984+01:00,25
2019-09-27 17:21:00.312999964+01:00,22
2019-09-27 17:21:00.513299941+01:00,22
2019-09-27 17:21:00.713049889+01:00,22
2019-09-27 17:21:00.913100004+01:00,22
2019-09-27 17:21:01.113149881+01:00,36
2019-09-27 17:21:01.313199997+01:00,58
2019-09-27 17:21:01.513099909+01:00,74
2019-09-27 17:21:01.713099957+01:00,84
2019-09-27 17:21:01.913100004+01:00,83
2019-09-27 17:21:02.113149881+01:00,84
2019-09-27 17:21:02.313149929+01:00,85
2019-09-27 17:21:02.513149977+01:00,86
2019-09-27 17:21:02.713150024+01:00,86
2019-09-27 17:21:02.913199902+01:00,84
2019-09-27 17:21:03.113199949+01:00,84
2019-09-27 17:21:03.313199997+01:00,84
2019-09-27 17:21:03.513499975+01:00,83
2019-09-27 17:21:03.713249922+01:00,84
2019-09-27 17:21:03.913249969+01:00,84
2019-09-27 17:21:04.113300085+01:00,85
2019-09-27 17:21:04.313299894+01:00,86
2019-09-27 17:21:04.513400078+01:00,86
2019-09-27 17:21:04.713500023+01:00,87
2019-09-27 17:21:04.913350105+01:00,88
2019-09-27 17:21:05.113450050+01:00,89
2019-09-27 17:21:05.313499928+01:00,89
2019-09-27 17:21:05.513499975+01:00,87
2019-09-27 17:21:05.713599920+01:00,84
2019-09-27 17:21:05.913549900+01:00,83
2019-09-27 17:21:06.113399982+01:00,84
2019-09-27 17:21:06.313400030+01:00,85
2019-09-27 17:21:06.513449907+01:00,86
2019-09-27 17:21:06.709199905+01:00,86
2019-09-27 17:21:06.913800001+01:00,89
2019-09-27 17:21:07.113500118+01:00,90
2019-09-27 17:21:07.313499928+01:00,89
2019-09-27 17:21:07.513600111+01:00,87
2019-09-27 17:21:07.713500023+01:00,84
2019-09-27 17:21:07.913650036+01:00,82
2019-09-27 17:21:08.113650084+01:00,82
2019-09-27 17:21:08.313649893+01:00,81
2019-09-27 17:21:08.513600111+01:00,80
2019-09-27 17:21:08.713599920+01:00,79
2019-09-27 17:21:08.913650036+01:00,79
2019-09-27 17:21:09.113850117+01:00,57
2019-09-27 17:21:09.313849926+01:00,36
2019-09-27 17:21:09.513799906+01:00,31
2019-09-27 17:21:09.713850021+01:00,26
2019-09-27 17:21:09.913650036+01:00,24
2019-09-27 17:21:10.113749981+01:00,25
2019-09-27 17:21:10.313699961+01:00,22
2019-09-27 17:21:10.513750076+01:00,22
2019-09-27 17:21:10.713850021+01:00,24
2019-09-27 17:21:10.913800001+01:00,28
2019-09-27 17:21:11.113850117+01:00,38
2019-09-27 17:21:11.313849926+01:00,41
2019-09-27 17:21:11.513799906+01:00,35
2019-09-27 17:21:11.709949970+01:00,36
2019-09-27 17:21:11.913899899+01:00,39
2019-09-27 17:21:12.113850117+01:00,55
2019-09-27 17:21:12.313849926+01:00,82
2019-09-27 17:21:12.513849974+01:00,87
2019-09-27 17:21:12.713850021+01:00,95
2019-09-27 17:21:12.914000034+01:00,97
2019-09-27 17:21:13.114000082+01:00,98
2019-09-27 17:21:13.313899994+01:00,98
2019-09-27 17:21:13.513900041+01:00,98
2019-09-27 17:21:13.713949919+01:00,98
2019-09-27 17:21:13.913949966+01:00,98
2019-09-27 17:21:14.114000082+01:00,98
2019-09-27 17:21:14.314199924+01:00,98
2019-09-27 17:21:14.513999938+01:00,98
2019-09-27 17:21:14.714149952+01:00,98
2019-09-27 17:21:14.914200068+01:00,98
2019-09-27 17:21:15.114049911+01:00,98
2019-09-27 17:21:15.314349890+01:00,98
2019-09-27 17:21:15.514050007+01:00,98
2019-09-27 17:21:15.714050055+01:00,98
2019-09-27 17:21:15.914050102+01:00,98
2019-09-27 17:21:16.114249945+01:00,98
2019-09-27 17:21:16.314300060+01:00,98
2019-09-27 17:21:16.514149904+01:00,98
2019-09-27 17:21:16.714099884+01:00,98
2019-09-27 17:21:16.914099932+01:00,98
2019-09-27 17:21:17.114300013+01:00,97
2019-09-27 17:21:17.314249992+01:00,97
2019-09-27 17:21:17.514199972+01:00,97
2019-09-27 17:21:17.714200020+01:00,97
2019-09-27 17:21:17.914200068+01:00,97
2019-09-27 17:21:18.114249945+01:00,97
2019-09-27 17:21:18.314249992+01:00,97
2019-09-27 17:21:18.514250039+01:00,97
2019-09-27 17:21:18.714250088+01:00,98
2019-09-27 17:21:18.914299965+01:00,98
2019-09-27 17:21:19.114300013+01:00,98
2019-09-27 17:21:19.314450026+01:00,98
2019-09-27 17:21:19.514400005+01:00,98
2019-09-27 17:21:19.710150003+01:00,98
2019-09-27 17:21:19.914449930+01:00,94
2019-09-27 17:21:20.114599943+01:00,91
2019-09-27 17:21:20.314399958+01:00,80
2019-09-27 17:21:20.514450073+01:00,70
2019-09-27 17:21:20.714499950+01:00,73
2019-09-27 17:21:20.914599895+01:00,74
2019-09-27 17:21:21.114550114+01:00,74
2019-09-27 17:21:21.314599991+01:00,77
2019-09-27 17:21:21.514450073+01:00,79
2019-09-27 17:21:21.714550018+01:00,80
2019-09-27 17:21:21.914700031+01:00,82
2019-09-27 17:21:22.114500046+01:00,84
2019-09-27 17:21:22.314500093+01:00,84
2019-09-27 17:21:22.514549971+01:00,85
2019-09-27 17:21:22.714550018+01:00,85
2019-09-27 17:21:22.914750099+01:00,85
2019-09-27 17:21:23.114700079+01:00,85
2019-09-27 17:21:23.314899921+01:00,86
2019-09-27 17:21:23.514849901+01:00,86
2019-09-27 17:21:23.714600086+01:00,86
2019-09-27 17:21:23.914599895+01:00,86
2019-09-27 17:21:24.114749908+01:00,86
2019-09-27 17:21:24.314650059+01:00,86
2019-09-27 17:21:24.514950037+01:00,86
2019-09-27 17:21:24.714699984+01:00,86
2019-09-27 17:21:24.914849997+01:00,85
2019-09-27 17:21:25.114949942+01:00,85
2019-09-27 17:21:25.314850092+01:00,85
2019-09-27 17:21:25.514750004+01:00,85
2019-09-27 17:21:25.715049982+01:00,85
2019-09-27 17:21:25.914849997+01:00,85
2019-09-27 17:21:26.115050077+01:00,85
2019-09-27 17:21:26.314850092+01:00,85
2019-09-27 17:21:26.514800072+01:00,84
2019-09-27 17:21:26.714799881+01:00,84
2019-09-27 17:21:26.915050030+01:00,84
2019-09-27 17:21:27.115149975+01:00,84
2019-09-27 17:21:27.315099955+01:00,84
2019-09-27 17:21:27.514899969+01:00,83
2019-09-27 17:21:27.714900017+01:00,83
2019-09-27 17:21:27.914999962+01:00,82
2019-09-27 17:21:28.115000010+01:00,82
2019-09-27 17:21:28.314949989+01:00,81
2019-09-27 17:21:28.515150070+01:00,80
2019-09-27 17:21:28.714950085+01:00,52
2019-09-27 17:21:28.915100098+01:00,34
2019-09-27 17:21:29.115250111+01:00,25
2019-09-27 17:21:29.315200090+01:00,23
2019-09-27 17:21:29.515150070+01:00,26
2019-09-27 17:21:29.715049982+01:00,26
2019-09-27 17:21:29.915250063+01:00,25
2019-09-27 17:21:30.115099907+01:00,25
2019-09-27 17:21:30.315150023+01:00,27
2019-09-27 17:21:30.515249968+01:00,26
2019-09-27 17:21:30.715100050+01:00,24
2019-09-27 17:21:30.915199995+01:00,25
2019-09-27 17:21:31.115400076+01:00,29
2019-09-27 17:21:31.315500021+01:00,30
2019-09-27 17:21:31.515249968+01:00,31
2019-09-27 17:21:31.715199947+01:00,32
2019-09-27 17:21:31.915149927+01:00,40
2019-09-27 17:21:32.115449905+01:00,47
2019-09-27 17:21:32.315299988+01:00,53
2019-09-27 17:21:32.515500069+01:00,55
2019-09-27 17:21:32.715300083+01:00,55
2019-09-27 17:21:32.915349960+01:00,55
2019-09-27 17:21:33.115299940+01:00,55
2019-09-27 17:21:33.315299988+01:00,55
2019-09-27 17:21:33.515300035+01:00,51
2019-09-27 17:21:33.715399981+01:00,43
2019-09-27 17:21:33.915499926+01:00,33
2019-09-27 17:21:34.115400076+01:00,24
2019-09-27 17:21:34.315350056+01:00,21
2019-09-27 17:21:34.515350102+01:00,21
2019-09-27 17:21:34.715349913+01:00,24
2019-09-27 17:21:34.915349960+01:00,25
2019-09-27 17:21:35.115499973+01:00,25
2019-09-27 17:21:35.315449953+01:00,25
2019-09-27 17:21:35.515500069+01:00,25
2019-09-27 17:21:35.715699911+01:00,25
2019-09-27 17:21:35.915450096+01:00,25
2019-09-27 17:21:36.115499973+01:00,25
2019-09-27 17:21:36.315649986+01:00,25
2019-09-27 17:21:36.515700102+01:00,25
2019-09-27 17:21:36.715600014+01:00,25
2019-09-27 17:21:36.915750027+01:00,25
2019-09-27 17:21:37.115550041+01:00,26
2019-09-27 17:21:37.315649986+01:00,26
2019-09-27 17:21:37.515549897+01:00,26
2019-09-27 17:21:37.715600014+01:00,27
2019-09-27 17:21:37.915699959+01:00,27
2019-09-27 17:21:38.115849972+01:00,28
2019-09-27 17:21:38.315599918+01:00,28
2019-09-27 17:21:38.515700102+01:00,28
2019-09-27 17:21:38.715749979+01:00,28
2019-09-27 17:21:38.915950060+01:00,29
2019-09-27 17:21:39.115700006+01:00,29
2019-09-27 17:21:39.315749884+01:00,29
2019-09-27 17:21:39.515749931+01:00,29
2019-09-27 17:21:39.715699911+01:00,29
2019-09-27 17:21:39.915899992+01:00,29
2019-09-27 17:21:40.115750074+01:00,29
2019-09-27 17:21:40.315999985+01:00,29
2019-09-27 17:21:40.515850067+01:00,29
2019-09-27 17:21:40.716150045+01:00,29
2019-09-27 17:21:40.915999889+01:00,29
2019-09-27 17:21:41.116149902+01:00,29
2019-09-27 17:21:41.316050053+01:00,29
2019-09-27 17:21:41.516050099+01:00,29
2019-09-27 17:21:41.715850115+01:00,29
2019-09-27 17:21:41.916100025+01:00,29
2019-09-27 17:21:42.116050005+01:00,29
2019-09-27 17:21:42.316050053+01:00,29
2019-09-27 17:21:42.516149998+01:00,29
2019-09-27 17:21:42.715950012+01:00,29
2019-09-27 17:21:42.916199923+01:00,29
2019-09-27 17:21:43.116250038+01:00,29
2019-09-27 17:21:43.316250086+01:00,29
2019-09-27 17:21:43.516149998+01:00,29
2019-09-27 17:21:43.716049910+01:00,29
2019-09-27 17:21:43.916300058+01:00,29
2019-09-27 17:21:44.116250038+01:00,29
2019-09-27 17:21:44.316750050+01:00,29
2019-09-27 17:21:44.517100095+01:00,29
2019-09-27 17:21:44.716150045+01:00,31
2019-09-27 17:21:44.916899920+01:00,34
2019-09-27 17:21:45.116199970+01:00,33
2019-09-27 17:21:45.316400051+01:00,30
2019-09-27 17:21:45.516350031+01:00,29
2019-09-27 17:21:45.716249943+01:00,29
2019-09-27 17:21:45.917000055+01:00,31
2019-09-27 17:21:46.116400003+01:00,33
2019-09-27 17:21:46.316450119+01:00,35
2019-09-27 17:21:46.517299890+01:00,36
2019-09-27 17:21:46.716399908+01:00,35
2019-09-27 17:21:46.917099953+01:00,34
2019-09-27 17:21:47.117350101+01:00,35
2019-09-27 17:21:47.316950083+01:00,35
2019-09-27 17:21:47.517100095+01:00,35
2019-09-27 17:21:47.716949940+01:00,35
2019-09-27 17:21:47.917150021+01:00,37
2019-09-27 17:21:48.117249966+01:00,37
2019-09-27 17:21:48.317399979+01:00,36
2019-09-27 17:21:48.517100095+01:00,36
2019-09-27 17:21:48.711999893+01:00,37
2019-09-27 17:21:48.917200089+01:00,36
2019-09-27 17:21:49.116349936+01:00,35
2019-09-27 17:21:49.316849947+01:00,34
2019-09-27 17:21:49.516400098+01:00,34
2019-09-27 17:21:49.717149973+01:00,34
2019-09-27 17:21:49.917299986+01:00,34
2019-09-27 17:21:50.117150068+01:00,33
2019-09-27 17:21:50.317150116+01:00,34
2019-09-27 17:21:50.517299890+01:00,35
2019-09-27 17:21:50.717050076+01:00,34
2019-09-27 17:22:08.917700052+01:00,86
2019-09-27 17:22:09.117899895+01:00,82
2019-09-27 17:22:09.318000078+01:00,75
2019-09-27 17:22:09.517950058+01:00,76
2019-09-27 17:22:09.717799902+01:00,74
2019-09-27 17:22:09.919150114+01:00,68
2019-09-27 17:22:10.118050098+01:00,62
2019-09-27 17:22:10.317850113+01:00,49
2019-09-27 17:22:10.518049954+01:00,39
2019-09-27 17:22:10.719300032+01:00,38
2019-09-27 17:22:10.918149948+01:00,43
2019-09-27 17:22:11.118149996+01:00,49
2019-09-27 17:22:11.318249941+01:00,58
2019-09-27 17:22:11.517899990+01:00,71
2019-09-27 17:22:11.717950106+01:00,76
2019-09-27 17:22:11.919100046+01:00,77
2019-09-27 17:22:12.118000031+01:00,77
2019-09-27 17:22:12.318049908+01:00,71
2019-09-27 17:22:12.518100023+01:00,66
2019-09-27 17:22:12.717999935+01:00,63
2019-09-27 17:22:12.919150114+01:00,46
2019-09-27 17:22:13.118299961+01:00,29
2019-09-27 17:22:13.318249941+01:00,28
2019-09-27 17:22:13.518049954+01:00,28
2019-09-27 17:22:13.718050003+01:00,27
2019-09-27 17:22:13.918050051+01:00,26
2019-09-27 17:22:14.118099928+01:00,25
2019-09-27 17:22:14.318099976+01:00,26
2019-09-27 17:22:14.518150091+01:00,27
2019-09-27 17:22:14.718400002+01:00,29
2019-09-27 17:22:14.918100119+01:00,32
2019-09-27 17:22:15.118249893+01:00,41
2019-09-27 17:22:15.318350077+01:00,73
2019-09-27 17:22:15.518399954+01:00,88
2019-09-27 17:22:15.718549967+01:00,92
2019-09-27 17:22:15.918299913+01:00,91
2019-09-27 17:22:16.118449926+01:00,91
2019-09-27 17:22:16.318249941+01:00,92
2019-09-27 17:22:16.518249988+01:00,91
2019-09-27 17:22:16.718250036+01:00,92
2019-09-27 17:22:16.918349981+01:00,91
2019-09-27 17:22:17.118299961+01:00,90
2019-09-27 17:22:17.318550110+01:00,88
2019-09-27 17:22:17.518300055+01:00,84
2019-09-27 17:22:17.718650103+01:00,81
2019-09-27 17:22:17.918349981+01:00,77
2019-09-27 17:22:18.118400097+01:00,74
2019-09-27 17:22:18.318399906+01:00,73
2019-09-27 17:22:18.518349886+01:00,72
2019-09-27 17:22:18.718650103+01:00,72
2019-09-27 17:22:18.918400049+01:00,62
2019-09-27 17:22:19.118599892+01:00,29
2019-09-27 17:22:19.318550110+01:00,27
2019-09-27 17:22:19.518549919+01:00,26
2019-09-27 17:22:19.718499899+01:00,25
2019-09-27 17:22:19.918900013+01:00,24
2019-09-27 17:22:20.118550062+01:00,27
2019-09-27 17:22:20.319250107+01:00,36
2019-09-27 17:22:20.518599987+01:00,41
2019-09-27 17:22:20.718800068+01:00,41
2019-09-27 17:22:20.918649912+01:00,39
2019-09-27 17:22:21.118700027+01:00,44
2019-09-27 17:22:21.318700075+01:00,41
2019-09-27 17:22:21.518599987+01:00,37
2019-09-27 17:22:21.718750+01:00,37
2019-09-27 17:22:21.918600082+01:00,47
2019-09-27 17:22:22.118700027+01:00,54
2019-09-27 17:22:22.318650007+01:00,55
2019-09-27 17:22:22.518899918+01:00,57
2019-09-27 17:22:22.718650103+01:00,60
2019-09-27 17:22:22.918649912+01:00,61
2019-09-27 17:22:23.118700027+01:00,61
2019-09-27 17:22:23.319099903+01:00,62
2019-09-27 17:22:23.518749951+01:00,62
2019-09-27 17:22:23.719000101+01:00,63
2019-09-27 17:22:23.918849945+01:00,59
2019-09-27 17:22:24.118900061+01:00,62
2019-09-27 17:22:24.318949938+01:00,64
2019-09-27 17:22:24.514899969+01:00,64
2019-09-27 17:22:24.719000101+01:00,64
2019-09-27 17:22:24.919049978+01:00,64
2019-09-27 17:22:25.119100094+01:00,64
2019-09-27 17:22:25.318900108+01:00,64
2019-09-27 17:22:25.515249968+01:00,64
2019-09-27 17:22:25.718849897+01:00,64
2019-09-27 17:22:25.918900013+01:00,64
2019-09-27 17:22:26.118949890+01:00,64
2019-09-27 17:22:26.319499969+01:00,47
2019-09-27 17:22:26.519049883+01:00,36
2019-09-27 17:22:26.719049931+01:00,30
2019-09-27 17:22:26.918999910+01:00,26
2019-09-27 17:22:27.118999958+01:00,26
2019-09-27 17:22:27.319000006+01:00,25
2019-09-27 17:22:27.519000052+01:00,25
2019-09-27 17:22:27.719000101+01:00,26
2019-09-27 17:22:27.920150042+01:00,31
2019-09-27 17:22:28.119149923+01:00,30
2019-09-27 17:22:28.319050074+01:00,28
2019-09-27 17:22:28.519049883+01:00,29
2019-09-27 17:22:28.719099998+01:00,34
2019-09-27 17:22:28.919100046+01:00,40
2019-09-27 17:22:29.119149923+01:00,42
2019-09-27 17:22:29.319149971+01:00,43
2019-09-27 17:22:29.519150019+01:00,44
2019-09-27 17:22:29.719150066+01:00,44
2019-09-27 17:22:29.919199944+01:00,44
2019-09-27 17:22:30.119250059+01:00,45
2019-09-27 17:22:30.319250107+01:00,47
2019-09-27 17:22:30.519350051+01:00,48
2019-09-27 17:22:30.719350100+01:00,47
2019-09-27 17:22:30.919349909+01:00,47
2019-09-27 17:22:31.119400024+01:00,47
2019-09-27 17:22:31.319400072+01:00,47
2019-09-27 17:22:31.519299984+01:00,49
2019-09-27 17:22:31.719549894+01:00,49
2019-09-27 17:22:31.919300079+01:00,42
2019-09-27 17:22:32.119450092+01:00,35
2019-09-27 17:22:32.319499969+01:00,24
2019-09-27 17:22:32.519350051+01:00,23
2019-09-27 17:22:32.719449997+01:00,22
2019-09-27 17:22:32.919349909+01:00,25
2019-09-27 17:22:33.119499922+01:00,26
2019-09-27 17:22:33.319449902+01:00,26
2019-09-27 17:22:33.519449948+01:00,26
2019-09-27 17:22:33.719449997+01:00,26
2019-09-27 17:22:33.919549942+01:00,26
2019-09-27 17:22:34.119750023+01:00,26
2019-09-27 17:22:34.319600105+01:00,26
2019-09-27 17:22:34.519500017+01:00,26
2019-09-27 17:22:34.719500065+01:00,26
2019-09-27 17:22:34.919549942+01:00,26
2019-09-27 17:22:35.119649887+01:00,26
2019-09-27 17:22:35.319550037+01:00,26
2019-09-27 17:22:35.519550085+01:00,26
2019-09-27 17:22:35.719549894+01:00,26
2019-09-27 17:22:35.919899940+01:00,26
2019-09-27 17:22:36.119649887+01:00,26
2019-09-27 17:22:36.319600105+01:00,26
2019-09-27 17:22:36.519599915+01:00,26
2019-09-27 17:22:36.719749928+01:00,26
2019-09-27 17:22:36.919650078+01:00,26
2019-09-27 17:22:37.119800091+01:00,26
2019-09-27 17:22:37.319849968+01:00,26
2019-09-27 17:22:37.520400047+01:00,27
2019-09-27 17:22:37.719949961+01:00,27
2019-09-27 17:22:37.919699907+01:00,27
2019-09-27 17:22:38.119800091+01:00,27
2019-09-27 17:22:38.319750071+01:00,27
2019-09-27 17:22:38.519799947+01:00,27
2019-09-27 17:22:38.719799995+01:00,27
2019-09-27 17:22:38.919800043+01:00,27
2019-09-27 17:22:39.120399952+01:00,27
2019-09-27 17:22:39.319900036+01:00,27
2019-09-27 17:22:39.519850016+01:00,27
2019-09-27 17:22:39.719850063+01:00,27
2019-09-27 17:22:39.920150042+01:00,27
2019-09-27 17:22:40.119899988+01:00,27
2019-09-27 17:22:40.319950104+01:00,27
2019-09-27 17:22:40.519999981+01:00,27
2019-09-27 17:22:40.720249891+01:00,27
2019-09-27 17:22:40.920000076+01:00,29
2019-09-27 17:22:41.119950056+01:00,27
2019-09-27 17:22:41.320050001+01:00,27
2019-09-27 17:22:41.520100117+01:00,27
2019-09-27 17:22:41.720099926+01:00,28
2019-09-27 17:22:41.920049906+01:00,28
2019-09-27 17:22:42.120049953+01:00,28
2019-09-27 17:22:42.320050001+01:00,28
2019-09-27 17:22:42.520050048+01:00,31
2019-09-27 17:22:42.720050097+01:00,37
2019-09-27 17:22:42.920249939+01:00,42
2019-09-27 17:22:43.120100021+01:00,41
2019-09-27 17:22:43.320149899+01:00,38
2019-09-27 17:22:43.520499944+01:00,37
2019-09-27 17:22:43.720099926+01:00,37
2019-09-27 17:22:43.920150042+01:00,36
2019-09-27 17:22:44.120199919+01:00,36
2019-09-27 17:22:44.320199966+01:00,35
2019-09-27 17:22:44.520149946+01:00,34
2019-09-27 17:22:44.720200062+01:00,33
2019-09-27 17:22:44.920200109+01:00,33
2019-09-27 17:22:45.120249987+01:00,32
2019-09-27 17:22:45.320250034+01:00,31
2019-09-27 17:22:45.520250082+01:00,32
2019-09-27 17:22:45.720299959+01:00,32
2019-09-27 17:22:45.920300007+01:00,33
2019-09-27 17:22:46.120300055+01:00,39
2019-09-27 17:22:46.320300102+01:00,45
2019-09-27 17:22:46.520299910+01:00,44
2019-09-27 17:22:46.720350027+01:00,47
2019-09-27 17:22:46.920350075+01:00,46
2019-09-27 17:22:47.120399952+01:00,46
2019-09-27 17:22:47.320349932+01:00,45
2019-09-27 17:22:47.520400047+01:00,46
2019-09-27 17:22:47.920399904+01:00,46
2019-09-27 17:22:48.120450020+01:00,46
2019-09-27 17:22:48.320450068+01:00,45
2019-09-27 17:22:48.520450115+01:00,45
2019-09-27 17:22:48.720449924+01:00,45
2019-09-27 17:22:48.920449972+01:00,46
2019-09-27 17:22:49.120500088+01:00,45
2019-09-27 17:22:49.320549965+01:00,45
2019-09-27 17:22:49.520550013+01:00,45
2019-09-27 17:22:49.720550060+01:00,45
2019-09-27 17:22:49.920550108+01:00,44
2019-09-27 17:22:50.120599985+01:00,44
2019-09-27 17:22:50.320600033+01:00,44
2019-09-27 17:22:50.520649910+01:00,44
2019-09-27 17:22:55.121200085+01:00,86
2019-09-27 17:22:55.320950031+01:00,85
2019-09-27 17:22:55.521150112+01:00,90
2019-09-27 17:22:55.721199989+01:00,87
2019-09-27 17:22:55.920949936+01:00,84
2019-09-27 17:22:56.121099949+01:00,77
2019-09-27 17:22:56.321150064+01:00,69
2019-09-27 17:22:56.521100044+01:00,65
2019-09-27 17:22:56.721250057+01:00,65
2019-09-27 17:22:56.921050072+01:00,62
2019-09-27 17:22:57.121099949+01:00,60
2019-09-27 17:22:57.321700096+01:00,55
2019-09-27 17:22:57.521199942+01:00,33
2019-09-27 17:22:57.721299887+01:00,22
2019-09-27 17:22:57.921099901+01:00,22
2019-09-27 17:22:58.121249914+01:00,23
2019-09-27 17:22:58.322200060+01:00,23
2019-09-27 17:22:58.521250010+01:00,26
2019-09-27 17:22:58.721149921+01:00,27
2019-09-27 17:22:58.921149969+01:00,27
2019-09-27 17:22:59.121350050+01:00,26
2019-09-27 17:22:59.321249962+01:00,26
2019-09-27 17:22:59.521250010+01:00,27
2019-09-27 17:22:59.721250057+01:00,25
2019-09-27 17:22:59.921250105+01:00,27
2019-09-27 17:23:00.121299982+01:00,32
2019-09-27 17:23:00.322550058+01:00,80
2019-09-27 17:23:00.521549940+01:00,96
2019-09-27 17:23:00.721450090+01:00,96
2019-09-27 17:23:00.921400070+01:00,96
2019-09-27 17:23:01.121449947+01:00,96
2019-09-27 17:23:01.322050095+01:00,95
2019-09-27 17:23:01.521349906+01:00,94
2019-09-27 17:23:01.721349955+01:00,92
2019-09-27 17:23:01.921400070+01:00,89
2019-09-27 17:23:02.121500015+01:00,87
2019-09-27 17:23:02.321599960+01:00,84
2019-09-27 17:23:02.521600007+01:00,80
2019-09-27 17:23:02.721549988+01:00,79
2019-09-27 17:23:02.921449900+01:00,77
2019-09-27 17:23:03.121500015+01:00,76
2019-09-27 17:23:03.321500063+01:00,75
2019-09-27 17:23:03.521500111+01:00,74
2019-09-27 17:23:03.721600056+01:00,74
2019-09-27 17:23:03.921649933+01:00,69
2019-09-27 17:23:04.121599913+01:00,29
2019-09-27 17:23:04.321799994+01:00,24
2019-09-27 17:23:04.521800041+01:00,24
2019-09-27 17:23:04.721699953+01:00,25
2019-09-27 17:23:04.921849966+01:00,25
2019-09-27 17:23:05.121750116+01:00,25
2019-09-27 17:23:05.321650028+01:00,25
2019-09-27 17:23:05.521650076+01:00,27
2019-09-27 17:23:05.721649885+01:00,24
2019-09-27 17:23:05.921649933+01:00,24
2019-09-27 17:23:06.121700048+01:00,27
2019-09-27 17:23:06.321949959+01:00,30
2019-09-27 17:23:06.521749973+01:00,31
2019-09-27 17:23:06.722949982+01:00,59
2019-09-27 17:23:06.921700001+01:00,88
2019-09-27 17:23:07.121750116+01:00,97
2019-09-27 17:23:07.321799994+01:00,97
2019-09-27 17:23:07.521800041+01:00,96
2019-09-27 17:23:07.721899986+01:00,96
2019-09-27 17:23:07.921799898+01:00,95
2019-09-27 17:23:08.121850014+01:00,95
2019-09-27 17:23:08.322099924+01:00,95
2019-09-27 17:23:08.521850108+01:00,96
2019-09-27 17:23:08.722199917+01:00,97
2019-09-27 17:23:08.921900034+01:00,97
2019-09-27 17:23:09.122149944+01:00,96
2019-09-27 17:23:09.322000027+01:00,96
2019-09-27 17:23:09.522150040+01:00,95
2019-09-27 17:23:09.721899986+01:00,95
2019-09-27 17:23:09.921950102+01:00,94
2019-09-27 17:23:10.122050047+01:00,93
2019-09-27 17:23:10.322000027+01:00,92
2019-09-27 17:23:10.522099972+01:00,90
2019-09-27 17:23:10.722100019+01:00,90
2019-09-27 17:23:10.922049999+01:00,89
2019-09-27 17:23:11.122149944+01:00,88
2019-09-27 17:23:11.322149992+01:00,88
2019-09-27 17:23:11.522200108+01:00,50
2019-09-27 17:23:11.722100019+01:00,23
2019-09-27 17:23:11.922250032+01:00,23
2019-09-27 17:23:12.122149944+01:00,24
2019-09-27 17:23:12.322400093+01:00,23
2019-09-27 17:23:12.522150040+01:00,23
2019-09-27 17:23:12.722150087+01:00,24
2019-09-27 17:23:12.922149897+01:00,25
2019-09-27 17:23:13.122400045+01:00,23
2019-09-27 17:23:13.322200060+01:00,28
2019-09-27 17:23:13.522350073+01:00,30
2019-09-27 17:23:13.722199917+01:00,31
2019-09-27 17:23:13.922199965+01:00,33
2019-09-27 17:23:14.122250080+01:00,61
2019-09-27 17:23:14.323349953+01:00,83
2019-09-27 17:23:14.522300004+01:00,93
2019-09-27 17:23:14.722549915+01:00,95
2019-09-27 17:23:14.922300100+01:00,95
2019-09-27 17:23:15.122499943+01:00,95
2019-09-27 17:23:15.322350025+01:00,95
2019-09-27 17:23:15.522350073+01:00,95
2019-09-27 17:23:15.723400116+01:00,94
2019-09-27 17:23:15.922600031+01:00,94
2019-09-27 17:23:16.122400045+01:00,94
2019-09-27 17:23:16.322499990+01:00,93
2019-09-27 17:23:16.522399902+01:00,93
2019-09-27 17:23:16.722399950+01:00,93
2019-09-27 17:23:16.922399998+01:00,93
2019-09-27 17:23:17.122600079+01:00,93
2019-09-27 17:23:17.322550058+01:00,92
2019-09-27 17:23:17.522500038+01:00,92
2019-09-27 17:23:17.722549915+01:00,92
2019-09-27 17:23:17.922499895+01:00,92
2019-09-27 17:23:18.122550011+01:00,92
2019-09-27 17:23:18.322550058+01:00,92
2019-09-27 17:23:18.522550105+01:00,94
2019-09-27 17:23:18.722700119+01:00,87
2019-09-27 17:23:18.922600031+01:00,80
2019-09-27 17:23:19.122600079+01:00,84
2019-09-27 17:23:19.322799921+01:00,84
2019-09-27 17:23:19.522599936+01:00,84
2019-09-27 17:23:19.722650051+01:00,88
2019-09-27 17:23:19.922650099+01:00,89
2019-09-27 17:23:20.122900009+01:00,90
2019-09-27 17:23:20.322700024+01:00,91
2019-09-27 17:23:20.522799969+01:00,91
2019-09-27 17:23:20.722949982+01:00,91
2019-09-27 17:23:20.922800064+01:00,91
2019-09-27 17:23:21.122849941+01:00,91
2019-09-27 17:23:21.322900057+01:00,91
2019-09-27 17:23:21.523799896+01:00,91
2019-09-27 17:23:21.722800016+01:00,90
2019-09-27 17:23:21.922749996+01:00,90
2019-09-27 17:23:22.122800112+01:00,80
2019-09-27 17:23:22.323050022+01:00,75
2019-09-27 17:23:22.522850037+01:00,72
2019-09-27 17:23:22.722850084+01:00,73
2019-09-27 17:23:22.922849894+01:00,74
2019-09-27 17:23:23.122900009+01:00,74
2019-09-27 17:23:23.322900057+01:00,73
2019-09-27 17:23:23.522900104+01:00,54
2019-09-27 17:23:23.722899914+01:00,40
2019-09-27 17:23:23.922899961+01:00,29
2019-09-27 17:23:24.122950077+01:00,22
2019-09-27 17:23:24.323999882+01:00,21
2019-09-27 17:23:24.522949934+01:00,21
2019-09-27 17:23:24.723200083+01:00,24
2019-09-27 17:23:24.923249960+01:00,25
2019-09-27 17:23:25.123150110+01:00,26
2019-09-27 17:23:25.323050022+01:00,32
2019-09-27 17:23:25.523050070+01:00,38
2019-09-27 17:23:25.723299980+01:00,43
2019-09-27 17:23:25.923049927+01:00,52
2019-09-27 17:23:26.123100042+01:00,51
2019-09-27 17:23:26.323349953+01:00,48
2019-09-27 17:23:26.523200035+01:00,54
2019-09-27 17:23:26.723099947+01:00,75
2019-09-27 17:23:26.923199892+01:00,82
2019-09-27 17:23:27.123150110+01:00,89
2019-09-27 17:23:27.323100090+01:00,92
2019-09-27 17:23:27.523149967+01:00,92
2019-09-27 17:23:27.723200083+01:00,92
2019-09-27 17:23:27.923199892+01:00,91
2019-09-27 17:23:28.123250008+01:00,90
2019-09-27 17:23:28.323250055+01:00,89
2019-09-27 17:23:28.523250102+01:00,88
2019-09-27 17:23:28.723249912+01:00,88
2019-09-27 17:23:28.923350096+01:00,88
2019-09-27 17:23:29.123300076+01:00,89
2019-09-27 17:23:29.323299885+01:00,88
2019-09-27 17:23:29.523299932+01:00,88
2019-09-27 17:23:29.723350048+01:00,88
2019-09-27 17:23:29.923350096+01:00,89
2019-09-27 17:23:30.123349905+01:00,88
2019-09-27 17:23:30.323649883+01:00,88
2019-09-27 17:23:30.523449897+01:00,87
2019-09-27 17:23:30.723500013+01:00,87
2019-09-27 17:23:30.923500061+01:00,87
2019-09-27 17:23:31.123549938+01:00,87
2019-09-27 17:23:31.323549986+01:00,86
2019-09-27 17:23:31.523449897+01:00,85
2019-09-27 17:23:31.723449945+01:00,86
2019-09-27 17:23:31.923449993+01:00,86
2019-09-27 17:23:32.123500109+01:00,86
2019-09-27 17:23:32.323499918+01:00,85
2019-09-27 17:23:32.523600101+01:00,85
2019-09-27 17:23:32.723550081+01:00,85
2019-09-27 17:23:32.923749924+01:00,85
2019-09-27 17:23:33.123699903+01:00,85
2019-09-27 17:23:33.323600054+01:00,83
2019-09-27 17:23:33.523600101+01:00,83
2019-09-27 17:23:33.723599911+01:00,83
2019-09-27 17:23:33.923700094+01:00,83
2019-09-27 17:23:34.123850107+01:00,83
2019-09-27 17:23:34.323649883+01:00,83
2019-09-27 17:23:34.523649931+01:00,83
2019-09-27 17:23:34.723649979+01:00,84
2019-09-27 17:23:34.923799992+01:00,84
2019-09-27 17:23:35.123699903+01:00,83
2019-09-27 17:23:35.323750019+01:00,83
2019-09-27 17:23:35.523750067+01:00,83
2019-09-27 17:23:35.723900080+01:00,83
2019-09-27 17:23:35.924000025+01:00,82
2019-09-27 17:23:36.123800039+01:00,66
2019-09-27 17:23:36.323800087+01:00,52
2019-09-27 17:23:36.523900032+01:00,45
2019-09-27 17:23:36.723900080+01:00,38
2019-09-27 17:23:36.923850060+01:00,36
2019-09-27 17:23:37.123850107+01:00,36
2019-09-27 17:23:37.323950052+01:00,37
2019-09-27 17:23:37.523849963+01:00,37
2019-09-27 17:23:37.723900080+01:00,37
2019-09-27 17:23:37.924000025+01:00,37
2019-09-27 17:23:38.123950005+01:00,38
2019-09-27 17:23:38.323899984+01:00,38
2019-09-27 17:23:38.523950100+01:00,38
2019-09-27 17:23:38.723949909+01:00,38
2019-09-27 17:23:38.923949957+01:00,39
2019-09-27 17:23:39.124650002+01:00,40
2019-09-27 17:23:39.323999882+01:00,40
2019-09-27 17:23:39.524100064+01:00,40
2019-09-27 17:23:39.723999977+01:00,40
2019-09-27 17:23:39.924000025+01:00,40
2019-09-27 17:23:40.124099970+01:00,40
2019-09-27 17:23:40.324100018+01:00,40
2019-09-27 17:23:40.524199963+01:00,39
2019-09-27 17:23:40.724349976+01:00,39
2019-09-27 17:23:40.924149990+01:00,39
2019-09-27 17:23:41.124249935+01:00,39
2019-09-27 17:23:41.324249983+01:00,39
2019-09-27 17:23:41.524250031+01:00,39
2019-09-27 17:23:41.724250078+01:00,39
2019-09-27 17:23:41.924249887+01:00,39
2019-09-27 17:23:42.124200106+01:00,42
2019-09-27 17:23:42.324199915+01:00,41
2019-09-27 17:23:42.524349928+01:00,42
2019-09-27 17:23:42.725250006+01:00,42
2019-09-27 17:23:42.924200058+01:00,42
2019-09-27 17:23:43.124249935+01:00,42
2019-09-27 17:23:43.324300051+01:00,42
2019-09-27 17:23:43.524300098+01:00,41
2019-09-27 17:23:43.724299908+01:00,40
2019-09-27 17:23:43.924299955+01:00,40
2019-09-27 17:23:44.124500036+01:00,40
2019-09-27 17:23:44.324450016+01:00,40
2019-09-27 17:23:44.524349928+01:00,41
2019-09-27 17:23:44.724450111+01:00,41
2019-09-27 17:23:44.924400091+01:00,41
2019-09-27 17:23:45.124399900+01:00,44
2019-09-27 17:23:45.324450016+01:00,43
2019-09-27 17:23:45.524800061+01:00,44
2019-09-27 17:23:45.724649906+01:00,44
2019-09-27 17:23:45.924449921+01:00,44
2019-09-27 17:23:46.124500036+01:00,44
2019-09-27 17:23:46.324749947+01:00,44
2019-09-27 17:23:46.524499893+01:00,43
2019-09-27 17:23:46.724499941+01:00,42
2019-09-27 17:23:46.924599886+01:00,42
2019-09-27 17:23:47.124550104+01:00,42
2019-09-27 17:23:47.324700117+01:00,42
2019-09-27 17:23:47.524650097+01:00,42
2019-09-27 17:23:47.724800110+01:00,42
2019-09-27 17:23:47.924750090+01:00,42
2019-09-27 17:23:48.124599934+01:00,44
2019-09-27 17:23:48.324599981+01:00,44
2019-09-27 17:23:48.524950027+01:00,44
2019-09-27 17:23:48.724649906+01:00,44
2019-09-27 17:23:48.924799919+01:00,44
2019-09-27 17:23:49.124700069+01:00,44
2019-09-27 17:23:49.324749947+01:00,44
2019-09-27 17:23:49.524699926+01:00,42
2019-09-27 17:23:49.724699974+01:00,40
2019-09-27 17:23:49.924700022+01:00,33
2019-09-27 17:23:50.124799967+01:00,24
2019-09-27 17:23:50.324850082+01:00,22
2019-09-27 17:23:50.524849892+01:00,22
2019-09-27 17:23:50.724800110+01:00,27
2019-09-27 17:23:50.924900055+01:00,28
2019-09-27 17:23:51.124949932+01:00,28
2019-09-27 17:23:51.324949980+01:00,28
2019-09-27 17:23:51.524950027+01:00,27
2019-09-27 17:23:51.725300074+01:00,28
2019-09-27 17:23:51.924999952+01:00,28
2019-09-27 17:23:52.124900103+01:00,27
2019-09-27 17:23:52.324899912+01:00,28
2019-09-27 17:23:52.525000095+01:00,28
2019-09-27 17:23:52.724900007+01:00,28
2019-09-27 17:23:52.924949884+01:00,28
2019-09-27 17:23:53.124949932+01:00,28
2019-09-27 17:23:53.325000048+01:00,28
2019-09-27 17:23:53.525000095+01:00,28
2019-09-27 17:23:53.724999905+01:00,28
2019-09-27 17:23:53.924999952+01:00,28
2019-09-27 17:23:54.125600099+01:00,28
2019-09-27 17:23:54.325299978+01:00,28
2019-09-27 17:23:54.525150060+01:00,28
2019-09-27 17:23:54.725049973+01:00,28
2019-09-27 17:23:54.925149918+01:00,28
2019-09-27 17:23:55.125099896+01:00,28
2019-09-27 17:23:55.325099945+01:00,28
2019-09-27 17:23:55.525099993+01:00,28
2019-09-27 17:23:55.725150108+01:00,28
2019-09-27 17:23:55.925149918+01:00,28
2019-09-27 17:23:56.125250101+01:00,28
2019-09-27 17:23:56.325200081+01:00,28
2019-09-27 17:23:56.525199890+01:00,28
2019-09-27 17:23:56.725300074+01:00,28
2019-09-27 17:23:56.925699949+01:00,28
2019-09-27 17:23:57.125250101+01:00,28
2019-09-27 17:23:57.325249910+01:00,28
2019-09-27 17:23:57.525249957+01:00,28
2019-09-27 17:23:57.725500107+01:00,28
2019-09-27 17:23:57.925250053+01:00,28
2019-09-27 17:23:58.125299931+01:00,28
2019-09-27 17:23:58.325299978+01:00,28
2019-09-27 17:23:58.525599956+01:00,28
2019-09-27 17:23:58.725349903+01:00,28
2019-09-27 17:23:58.925349951+01:00,28
2019-09-27 17:23:59.126300097+01:00,28
2019-09-27 17:23:59.325400114+01:00,28
2019-09-27 17:23:59.525399923+01:00,28
2019-09-27 17:23:59.725399971+01:00,28
2019-09-27 17:23:59.925400019+01:00,28
2019-09-27 17:24:00.125449896+01:00,28
2019-09-27 17:24:00.325500011+01:00,28
2019-09-27 17:24:00.525500058+01:00,28
2019-09-27 17:24:00.725600004+01:00,28
2019-09-27 17:24:00.925649881+01:00,28
2019-09-27 17:24:01.125649929+01:00,28
2019-09-27 17:24:01.325599909+01:00,28
2019-09-27 17:24:01.525799990+01:00,28
2019-09-27 17:24:01.725650072+01:00,28
2019-09-27 17:24:01.925549984+01:00,28
2019-09-27 17:24:02.125699997+01:00,28
2019-09-27 17:24:02.325700045+01:00,28
2019-09-27 17:24:02.525599956+01:00,28
2019-09-27 17:24:02.725800037+01:00,28
2019-09-27 17:24:02.925699949+01:00,28
2019-09-27 17:24:03.126600027+01:00,28
2019-09-27 17:24:03.325799942+01:00,28
2019-09-27 17:24:03.525650024+01:00,28
2019-09-27 17:24:03.725699902+01:00,28
2019-09-27 17:24:03.925699949+01:00,28
2019-09-27 17:24:04.125750065+01:00,28
2019-09-27 17:24:04.325750113+01:00,28
2019-09-27 17:24:04.525749922+01:00,28
2019-09-27 17:24:04.726599932+01:00,28
2019-09-27 17:24:04.926049948+01:00,28
2019-09-27 17:24:05.126549958+01:00,28
2019-09-27 17:24:05.326550007+01:00,28
2019-09-27 17:24:05.526550054+01:00,28
2019-09-27 17:24:05.726550102+01:00,28
2019-09-27 17:24:05.926599979+01:00,28
2019-09-27 17:24:06.126650094+01:00,28
2019-09-27 17:24:06.325999975+01:00,28
2019-09-27 17:24:06.526700020+01:00,28
2019-09-27 17:24:06.726700068+01:00,28
2019-09-27 17:24:06.926749945+01:00,28
2019-09-27 17:24:07.126199961+01:00,28
2019-09-27 17:24:07.326699972+01:00,28
2019-09-27 17:24:07.526799916+01:00,28
2019-09-27 17:24:07.726700068+01:00,28
2019-09-27 17:24:07.926749945+01:00,28
2019-09-27 17:24:08.126950026+01:00,28
2019-09-27 17:24:08.325999975+01:00,28
2019-09-27 17:24:08.526799916+01:00,28
2019-09-27 17:24:08.726749897+01:00,28
2019-09-27 17:24:08.926749945+01:00,28
2019-09-27 17:24:09.126800059+01:00,28
2019-09-27 17:24:09.326800108+01:00,28
2019-09-27 17:24:09.526750088+01:00,28
2019-09-27 17:24:09.726749897+01:00,28
2019-09-27 17:24:09.926749945+01:00,28
2019-09-27 17:24:10.126699923+01:00,28
2019-09-27 17:24:10.326750040+01:00,28
2019-09-27 17:24:10.527050017+01:00,28
2019-09-27 17:24:10.726700068+01:00,28
2019-09-27 17:24:10.926749945+01:00,29
2019-09-27 17:24:11.126549958+01:00,28
2019-09-27 17:24:11.326499939+01:00,28
2019-09-27 17:24:11.526499987+01:00,28
2019-09-27 17:24:11.726249933+01:00,28
2019-09-27 17:24:11.926949978+01:00,28
2019-09-27 17:24:12.126499891+01:00,28
2019-09-27 17:24:12.326950073+01:00,28
2019-09-27 17:24:12.526499987+01:00,28
2019-09-27 17:24:12.726500034+01:00,29
2019-09-27 17:24:12.926350117+01:00,29
2019-09-27 17:24:13.126450062+01:00,29
2019-09-27 17:24:13.326750040+01:00,29
2019-09-27 17:24:13.526499987+01:00,29
2019-09-27 17:24:13.726500034+01:00,29
2019-09-27 17:24:13.926800013+01:00,29
2019-09-27 17:24:14.126549958+01:00,29
2019-09-27 17:24:14.326499939+01:00,29
2019-09-27 17:24:14.526449919+01:00,29
2019-09-27 17:24:14.726500034+01:00,29
2019-09-27 17:24:14.926500082+01:00,29
2019-09-27 17:24:15.126600027+01:00,29
2019-09-27 17:24:15.326499939+01:00,29
2019-09-27 17:24:15.526499987+01:00,29
2019-09-27 17:24:15.726550102+01:00,29
2019-09-27 17:24:15.926549911+01:00,29
2019-09-27 17:24:16.126699923+01:00,29
2019-09-27 17:24:16.326699972+01:00,29
2019-09-27 17:24:16.526599884+01:00,29
2019-09-27 17:24:16.726599932+01:00,29
2019-09-27 17:24:16.926599979+01:00,29
2019-09-27 17:24:17.126650094+01:00,29
2019-09-27 17:24:17.326649904+01:00,29
2019-09-27 17:24:17.526750088+01:00,29
2019-09-27 17:24:17.726650+01:00,29
2019-09-27 17:24:17.926650047+01:00,29
2019-09-27 17:24:18.126800059+01:00,29
2019-09-27 17:24:18.326950073+01:00,29
2019-09-27 17:24:18.526900053+01:00,29
2019-09-27 17:24:18.726749897+01:00,29
2019-09-27 17:24:18.926850080+01:00,29
2019-09-27 17:24:19.126749992+01:00,29
2019-09-27 17:24:19.326800108+01:00,29
2019-09-27 17:24:19.528000115+01:00,29
2019-09-27 17:24:19.726999998+01:00,29
2019-09-27 17:24:19.926800013+01:00,29
2019-09-27 17:24:20.126849890+01:00,29
2019-09-27 17:24:20.326849937+01:00,29
2019-09-27 17:24:20.526949883+01:00,29
2019-09-27 17:24:20.726949930+01:00,29
2019-09-27 17:24:20.927000046+01:00,29
2019-09-27 17:24:21.127099991+01:00,29
2019-09-27 17:24:21.327199936+01:00,29
2019-09-27 17:24:21.527050017+01:00,29
2019-09-27 17:24:21.726949930+01:00,29
2019-09-27 17:24:21.926949978+01:00,29
2019-09-27 17:24:22.127000093+01:00,29
2019-09-27 17:24:22.326999903+01:00,29
2019-09-27 17:24:22.527199984+01:00,29
2019-09-27 17:24:22.726999998+01:00,29
2019-09-27 17:24:22.927050114+01:00,29
2019-09-27 17:24:23.127049923+01:00,29
2019-09-27 17:24:23.327150106+01:00,29
2019-09-27 17:24:23.527050017+01:00,29
2019-09-27 17:24:23.727099895+01:00,29
2019-09-27 17:24:23.927850008+01:00,29
2019-09-27 17:24:24.127399921+01:00,29
2019-09-27 17:24:24.327150106+01:00,29
2019-09-27 17:24:24.527199984+01:00,29
2019-09-27 17:24:24.727149963+01:00,29
2019-09-27 17:24:24.927150011+01:00,29
2019-09-27 17:24:25.127949953+01:00,29
2019-09-27 17:24:25.327199936+01:00,28
2019-09-27 17:24:25.527199984+01:00,28
2019-09-27 17:24:25.727250099+01:00,28
2019-09-27 17:24:25.927200079+01:00,29
2019-09-27 17:24:26.127249956+01:00,29
2019-09-27 17:24:26.327500105+01:00,28
2019-09-27 17:24:26.527299881+01:00,28
2019-09-27 17:24:26.727299929+01:00,28
2019-09-27 17:24:26.927299976+01:00,28
2019-09-27 17:24:27.127350092+01:00,28
2019-09-27 17:24:27.327349901+01:00,28
2019-09-27 17:24:27.527450085+01:00,28
2019-09-27 17:24:27.727600098+01:00,28
2019-09-27 17:24:27.927350044+01:00,28
2019-09-27 17:24:28.127599954+01:00,28
2019-09-27 17:24:28.327399969+01:00,28
2019-09-27 17:24:28.527400017+01:00,27
2019-09-27 17:24:28.727400064+01:00,28
2019-09-27 17:24:28.927449942+01:00,29
2019-09-27 17:24:29.127449989+01:00,28
2019-09-27 17:24:29.327500105+01:00,28
2019-09-27 17:24:29.527499913+01:00,27
2019-09-27 17:24:29.727499962+01:00,27
2019-09-27 17:24:29.927500010+01:00,28
2019-09-27 17:24:30.127549887+01:00,28
2019-09-27 17:24:30.327950001+01:00,28
2019-09-27 17:24:30.527650117+01:00,28
2019-09-27 17:24:30.727699995+01:00,28
2019-09-27 17:24:30.927599907+01:00,29
2019-09-27 17:24:31.127700089+01:00,31
2019-09-27 17:24:31.327699900+01:00,33
2019-09-27 17:24:31.527650117+01:00,35
2019-09-27 17:24:31.727900028+01:00,36
2019-09-27 17:24:31.927649975+01:00,38
2019-09-27 17:24:32.127949953+01:00,39
2019-09-27 17:24:32.327650070+01:00,40
2019-09-27 17:24:32.527699947+01:00,41
2019-09-27 17:24:32.727699995+01:00,40
2019-09-27 17:24:32.927700043+01:00,38
2019-09-27 17:24:33.127749919+01:00,37
2019-09-27 17:24:33.327749968+01:00,36
2019-09-27 17:24:33.527750014+01:00,35
2019-09-27 17:24:33.727750063+01:00,36
2019-09-27 17:24:33.927750111+01:00,35
2019-09-27 17:24:34.127799988+01:00,35
2019-09-27 17:24:34.327800035+01:00,35
2019-09-27 17:24:34.527899981+01:00,33
2019-09-27 17:24:34.727950096+01:00,33
2019-09-27 17:24:34.927850008+01:00,32
2019-09-27 17:24:35.127850055+01:00,38
2019-09-27 17:24:35.327899933+01:00,44
2019-09-27 17:24:35.527899981+01:00,44
2019-09-27 17:24:35.727900028+01:00,45
2019-09-27 17:24:35.927949905+01:00,44
2019-09-27 17:24:36.127949953+01:00,44
2019-09-27 17:24:36.328099966+01:00,43
2019-09-27 17:24:36.528000115+01:00,43
2019-09-27 17:24:36.727950096+01:00,42
2019-09-27 17:24:36.928149939+01:00,41
2019-09-27 17:24:37.128000020+01:00,41
2019-09-27 17:24:37.328049898+01:00,42
2019-09-27 17:24:37.528049946+01:00,42
2019-09-27 17:24:37.728049994+01:00,42
2019-09-27 17:24:37.928050041+01:00,42
2019-09-27 17:24:38.128649950+01:00,43
2019-09-27 17:24:38.328200102+01:00,43
2019-09-27 17:24:38.528500080+01:00,43
2019-09-27 17:24:38.728100061+01:00,43
2019-09-27 17:24:38.928149939+01:00,43
2019-09-27 17:24:39.128149986+01:00,43
2019-09-27 17:24:39.328200102+01:00,43
2019-09-27 17:24:39.528150082+01:00,40
2019-09-27 17:24:39.728199959+01:00,36
2019-09-27 17:24:39.928400040+01:00,31
2019-09-27 17:24:40.128249884+01:00,29
2019-09-27 17:24:40.328399897+01:00,26
2019-09-27 17:24:40.528300047+01:00,24
2019-09-27 17:24:40.728349924+01:00,24
2019-09-27 17:24:40.928499937+01:00,70
2019-09-27 17:24:41.128400087+01:00,94
2019-09-27 17:24:41.328299999+01:00,98
2019-09-27 17:24:41.528300047+01:00,98
2019-09-27 17:24:41.728349924+01:00,98
2019-09-27 17:24:41.928349972+01:00,98
2019-09-27 17:24:42.128499985+01:00,98
2019-09-27 17:24:42.328399897+01:00,99
2019-09-27 17:24:42.528500080+01:00,99
2019-09-27 17:24:42.728399992+01:00,99
2019-09-27 17:24:42.928699970+01:00,99
2019-09-27 17:24:43.128550053+01:00,99
2019-09-27 17:24:43.328550100+01:00,99
2019-09-27 17:24:43.528450011+01:00,98
2019-09-27 17:24:43.728499889+01:00,98
2019-09-27 17:24:43.928600073+01:00,98
2019-09-27 17:24:44.128499985+01:00,98
2019-09-27 17:24:44.328649998+01:00,98
2019-09-27 17:24:44.528549909+01:00,98
2019-09-27 17:24:44.728549957+01:00,98
2019-09-27 17:24:44.928550005+01:00,98
2019-09-27 17:24:45.128700018+01:00,98
2019-09-27 17:24:45.328599930+01:00,98
2019-09-27 17:24:45.528700113+01:00,98
2019-09-27 17:24:45.728749990+01:00,98
2019-09-27 17:24:45.928600073+01:00,98
2019-09-27 17:24:46.128649950+01:00,98
2019-09-27 17:24:46.328649998+01:00,98
2019-09-27 17:24:46.528899908+01:00,93
2019-09-27 17:24:46.728699923+01:00,32
2019-09-27 17:24:46.928849936+01:00,23
2019-09-27 17:24:47.128700018+01:00,25
2019-09-27 17:24:47.328749895+01:00,26
2019-09-27 17:24:47.528749943+01:00,25
2019-09-27 17:24:47.728749990+01:00,25
2019-09-27 17:24:47.928750038+01:00,26
2019-09-27 17:24:48.128799914+01:00,29
2019-09-27 17:24:48.329849958+01:00,36
2019-09-27 17:24:48.528899908+01:00,42
2019-09-27 17:24:48.728800058+01:00,39
2019-09-27 17:24:48.928849936+01:00,35
2019-09-27 17:24:49.128900050+01:00,32
2019-09-27 17:24:49.329050064+01:00,39
2019-09-27 17:24:49.528899908+01:00,42
2019-09-27 17:24:49.729049921+01:00,43
2019-09-27 17:24:49.929600+01:00,42
2019-09-27 17:24:50.128950119+01:00,43
2019-09-27 17:24:50.328999996+01:00,43
2019-09-27 17:24:50.529050111+01:00,42
2019-09-27 17:24:50.729199886+01:00,43
2019-09-27 17:24:50.929100037+01:00,43
2019-09-27 17:24:51.129100084+01:00,45
2019-09-27 17:24:51.329200029+01:00,45
2019-09-27 17:24:51.529150009+01:00,45
2019-09-27 17:24:51.729150057+01:00,45
2019-09-27 17:24:51.929049969+01:00,45
2019-09-27 17:24:52.129100084+01:00,45
2019-09-27 17:24:52.529200077+01:00,43
2019-09-27 17:24:52.729099989+01:00,43
2019-09-27 17:24:52.929100037+01:00,44
2019-09-27 17:24:53.130199909+01:00,46
2019-09-27 17:24:53.329149961+01:00,51
2019-09-27 17:24:53.529150009+01:00,67
2019-09-27 17:24:53.729300022+01:00,75
2019-09-27 17:24:53.929199934+01:00,76
2019-09-27 17:24:54.129349947+01:00,77
2019-09-27 17:24:54.329449892+01:00,77
2019-09-27 17:24:54.529249906+01:00,78
2019-09-27 17:24:54.729449987+01:00,78
2019-09-27 17:24:54.929250002+01:00,79
2019-09-27 17:24:55.129250050+01:00,81
2019-09-27 17:24:55.329449892+01:00,80
2019-09-27 17:24:55.529299973+01:00,80
2019-09-27 17:24:55.729549885+01:00,80
2019-09-27 17:24:55.929300070+01:00,81
2019-09-27 17:24:56.129600048+01:00,81
2019-09-27 17:24:56.329449892+01:00,82
2019-09-27 17:24:56.529500007+01:00,81
2019-09-27 17:24:56.729449987+01:00,81
2019-09-27 17:24:56.929399967+01:00,81
2019-09-27 17:24:57.129650116+01:00,81
2019-09-27 17:24:57.329600096+01:00,81
2019-09-27 17:24:57.529550076+01:00,81
2019-09-27 17:24:57.730099916+01:00,80
2019-09-27 17:24:57.929450035+01:00,79
2019-09-27 17:24:58.129750013+01:00,66
2019-09-27 17:24:58.329600096+01:00,46
2019-09-27 17:24:58.529500007+01:00,40
2019-09-27 17:24:58.929800034+01:00,41
2019-09-27 17:24:59.129750013+01:00,41
2019-09-27 17:25:02.529799938+01:00,22
2019-09-27 17:25:04.929949999+01:00,43
2019-09-27 17:25:05.129950047+01:00,44
2019-09-27 17:25:05.329999924+01:00,60
2019-09-27 17:25:05.529999970+01:00,61
2019-09-27 17:25:05.730099916+01:00,61
2019-09-27 17:25:05.930099964+01:00,57
2019-09-27 17:25:06.130199909+01:00,51
2019-09-27 17:25:06.330049992+01:00,52
2019-09-27 17:25:06.530250071+01:00,54
2019-09-27 17:25:06.730050087+01:00,55
2019-09-27 17:25:06.930099964+01:00,55
2019-09-27 17:25:07.130150080+01:00,55
2019-09-27 17:25:07.330149889+01:00,55
2019-09-27 17:25:07.530250071+01:00,56
2019-09-27 17:25:07.730149984+01:00,56
2019-09-27 17:25:07.930150032+01:00,56
2019-09-27 17:25:08.130500077+01:00,55
2019-09-27 17:25:08.330199957+01:00,54
2019-09-27 17:25:08.530200005+01:00,55
2019-09-27 17:25:08.730400085+01:00,58
2019-09-27 17:25:08.930249929+01:00,60
2019-09-27 17:25:09.130300045+01:00,62
2019-09-27 17:25:09.330300093+01:00,62
2019-09-27 17:25:09.530450106+01:00,75
2019-09-27 17:25:09.730400085+01:00,86
2019-09-27 17:25:09.930649996+01:00,87
2019-09-27 17:25:10.130350112+01:00,88
2019-09-27 17:25:10.330399990+01:00,87
2019-09-27 17:25:10.530450106+01:00,87
2019-09-27 17:25:10.730449915+01:00,86
2019-09-27 17:25:10.930500031+01:00,86
2019-09-27 17:25:11.130500077+01:00,86
2019-09-27 17:25:11.330549955+01:00,71
2019-09-27 17:25:11.531150103+01:00,51
2019-09-27 17:25:11.730449915+01:00,37
2019-09-27 17:25:11.930449963+01:00,29
2019-09-27 17:25:12.130450010+01:00,25
2019-09-27 17:25:12.330549955+01:00,30
2019-09-27 17:25:12.531150103+01:00,38
2019-09-27 17:25:12.730499983+01:00,43
2019-09-27 17:25:12.930500031+01:00,42
2019-09-27 17:25:13.130549907+01:00,42
2019-09-27 17:25:13.330899954+01:00,41
2019-09-27 17:25:13.530550003+01:00,42
2019-09-27 17:25:13.730550051+01:00,44
2019-09-27 17:25:13.930550098+01:00,45
2019-09-27 17:25:14.130599976+01:00,46
2019-09-27 17:25:14.330650091+01:00,45
2019-09-27 17:25:14.530649900+01:00,45
2019-09-27 17:25:14.730649948+01:00,44
2019-09-27 17:25:14.930649996+01:00,44
2019-09-27 17:25:15.130700111+01:00,44
2019-09-27 17:25:15.330699921+01:00,42
2019-09-27 17:25:15.530699967+01:00,38
2019-09-27 17:25:15.730700016+01:00,35
2019-09-27 17:25:15.930700064+01:00,34
2019-09-27 17:25:16.130749941+01:00,33
2019-09-27 17:25:16.331049919+01:00,32
2019-09-27 17:25:16.530750036+01:00,32
2019-09-27 17:25:16.730750084+01:00,31
2019-09-27 17:25:16.930799961+01:00,32
2019-09-27 17:25:17.130850077+01:00,32
2019-09-27 17:25:17.330849886+01:00,33
2019-09-27 17:25:17.530849934+01:00,33
2019-09-27 17:25:17.730849981+01:00,33
2019-09-27 17:25:17.930850029+01:00,33
2019-09-27 17:25:18.131000042+01:00,33
2019-09-27 17:25:18.330899954+01:00,32
2019-09-27 17:25:18.530900002+01:00,32
2019-09-27 17:25:18.730900049+01:00,33
2019-09-27 17:25:18.930949926+01:00,33
2019-09-27 17:25:19.131000042+01:00,33
2019-09-27 17:25:19.330950022+01:00,33
2019-09-27 17:25:19.531199932+01:00,33
2019-09-27 17:25:19.731149912+01:00,33
2019-09-27 17:25:19.930999994+01:00,33
2019-09-27 17:25:37.132250071+01:00,87
2019-09-27 17:25:37.332250118+01:00,83
2019-09-27 17:25:37.532900095+01:00,85
2019-09-27 17:25:37.732249975+01:00,90
2019-09-27 17:25:37.932450056+01:00,89
2019-09-27 17:25:38.132499932+01:00,81
2019-09-27 17:25:38.332449913+01:00,75
2019-09-27 17:25:38.532299995+01:00,80
2019-09-27 17:25:38.732350111+01:00,83
2019-09-27 17:25:38.932399988+01:00,74
2019-09-27 17:25:39.132349968+01:00,70
2019-09-27 17:25:39.332799911+01:00,69
2019-09-27 17:25:39.533400059+01:00,66
2019-09-27 17:25:39.732399940+01:00,64
2019-09-27 17:25:39.932399988+01:00,60
2019-09-27 17:25:40.132450104+01:00,48
2019-09-27 17:25:40.332499981+01:00,29
2019-09-27 17:25:40.532550097+01:00,24
2019-09-27 17:25:40.732800007+01:00,24
2019-09-27 17:25:40.932549953+01:00,24
2019-09-27 17:25:41.132649898+01:00,25
2019-09-27 17:25:41.332600117+01:00,27
2019-09-27 17:25:41.532550097+01:00,27
2019-09-27 17:25:41.732500076+01:00,26
2019-09-27 17:25:41.932650089+01:00,26
2019-09-27 17:25:42.132550001+01:00,26
2019-09-27 17:25:42.332600117+01:00,29
2019-09-27 17:25:42.532599925+01:00,33
2019-09-27 17:25:42.732599974+01:00,80
2019-09-27 17:25:42.932600021+01:00,95
2019-09-27 17:25:43.132849932+01:00,94
2019-09-27 17:25:43.332849979+01:00,97
2019-09-27 17:25:43.532949923+01:00,98
2019-09-27 17:25:43.732650042+01:00,98
2019-09-27 17:25:43.932899952+01:00,99
2019-09-27 17:25:44.132849932+01:00,98
2019-09-27 17:25:44.332799911+01:00,97
2019-09-27 17:25:44.532749891+01:00,96
2019-09-27 17:25:44.732850075+01:00,96
2019-09-27 17:25:44.932749987+01:00,94
2019-09-27 17:25:45.132800102+01:00,92
2019-09-27 17:25:45.332799911+01:00,89
2019-09-27 17:25:45.532850026+01:00,86
2019-09-27 17:25:45.732800007+01:00,84
2019-09-27 17:25:45.932800055+01:00,83
2019-09-27 17:25:46.132849932+01:00,83
2019-09-27 17:25:46.333549976+01:00,82
2019-09-27 17:25:46.532850026+01:00,81
2019-09-27 17:25:46.732899904+01:00,80
2019-09-27 17:25:46.933000088+01:00,78
2019-09-27 17:25:47.133049964+01:00,70
2019-09-27 17:25:47.333899975+01:00,27
2019-09-27 17:25:47.532999992+01:00,23
2019-09-27 17:25:47.733050108+01:00,22
2019-09-27 17:25:47.932950020+01:00,23
2019-09-27 17:25:48.132999897+01:00,26
2019-09-27 17:25:48.332999945+01:00,26
2019-09-27 17:25:48.532999992+01:00,26
2019-09-27 17:25:48.733099937+01:00,26
2019-09-27 17:25:48.933000088+01:00,26
2019-09-27 17:25:49.133049964+01:00,27
2019-09-27 17:25:49.333050013+01:00,25
2019-09-27 17:25:49.533099890+01:00,25
2019-09-27 17:25:49.733299971+01:00,25
2019-09-27 17:25:49.933099985+01:00,29
2019-09-27 17:25:50.133150101+01:00,30
2019-09-27 17:25:50.333250046+01:00,40
2019-09-27 17:25:50.533299922+01:00,63
2019-09-27 17:25:50.733299971+01:00,87
2019-09-27 17:25:50.934250116+01:00,90
2019-09-27 17:25:51.133300066+01:00,90
2019-09-27 17:25:51.333199978+01:00,91
2019-09-27 17:25:51.533849955+01:00,92
2019-09-27 17:25:51.733200073+01:00,93
2019-09-27 17:25:51.933549881+01:00,93
2019-09-27 17:25:52.133249998+01:00,92
2019-09-27 17:25:52.333400011+01:00,92
2019-09-27 17:25:52.533299922+01:00,92
2019-09-27 17:25:52.733350039+01:00,92
2019-09-27 17:25:52.933300018+01:00,91
2019-09-27 17:25:53.133349895+01:00,90
2019-09-27 17:25:53.333600044+01:00,89
2019-09-27 17:25:53.533449888+01:00,86
2019-09-27 17:25:53.733449936+01:00,85
2019-09-27 17:25:53.933399916+01:00,84
2019-09-27 17:25:54.133500099+01:00,84
2019-09-27 17:25:54.333549976+01:00,83
2019-09-27 17:25:54.533649921+01:00,83
2019-09-27 17:25:54.733599901+01:00,51
2019-09-27 17:25:54.933549881+01:00,24
2019-09-27 17:25:55.133599997+01:00,26
2019-09-27 17:25:55.333499908+01:00,26
2019-09-27 17:25:55.533649921+01:00,25
2019-09-27 17:25:55.733500004+01:00,25
2019-09-27 17:25:55.933500051+01:00,25
2019-09-27 17:25:56.133549929+01:00,27
2019-09-27 17:25:56.333750010+01:00,25
2019-09-27 17:25:56.533649921+01:00,23
2019-09-27 17:25:56.733850002+01:00,25
2019-09-27 17:25:56.933599949+01:00,25
2019-09-27 17:25:57.133749962+01:00,28
2019-09-27 17:25:57.333800077+01:00,35
2019-09-27 17:25:57.533649921+01:00,50
2019-09-27 17:25:57.733750105+01:00,59
2019-09-27 17:25:57.933650017+01:00,58
2019-09-27 17:25:58.133699894+01:00,54
2019-09-27 17:25:58.334800005+01:00,51
2019-09-27 17:25:58.533699989+01:00,51
2019-09-27 17:25:58.733700037+01:00,51
2019-09-27 17:25:58.933700085+01:00,53
2019-09-27 17:25:59.133749962+01:00,55
2019-09-27 17:25:59.333750010+01:00,55
2019-09-27 17:25:59.533799887+01:00,55
2019-09-27 17:25:59.733799934+01:00,55
2019-09-27 17:25:59.933799982+01:00,55
2019-09-27 17:26:00.133899927+01:00,56
2019-09-27 17:26:00.333899975+01:00,57
2019-09-27 17:26:00.534049988+01:00,55
2019-09-27 17:26:00.733949900+01:00,55
2019-09-27 17:26:00.935600042+01:00,58
2019-09-27 17:26:01.134099959+01:00,59
2019-09-27 17:26:01.333899975+01:00,59
2019-09-27 17:26:01.533999919+01:00,59
2019-09-27 17:26:01.733900070+01:00,61
2019-09-27 17:26:01.933949947+01:00,63
2019-09-27 17:26:02.133949994+01:00,65
2019-09-27 17:26:02.334000111+01:00,66
2019-09-27 17:26:02.533999919+01:00,67
2019-09-27 17:26:02.734100103+01:00,68
2019-09-27 17:26:02.934000015+01:00,69
2019-09-27 17:26:03.134049892+01:00,68
2019-09-27 17:26:03.334399939+01:00,67
2019-09-27 17:26:03.534049988+01:00,63
2019-09-27 17:26:03.734050035+01:00,63
2019-09-27 17:26:03.934099913+01:00,63
2019-09-27 17:26:04.134850025+01:00,64
2019-09-27 17:26:04.334100008+01:00,63
2019-09-27 17:26:04.534100056+01:00,63
2019-09-27 17:26:04.735549927+01:00,62
2019-09-27 17:26:04.934149981+01:00,49
2019-09-27 17:26:05.134200095+01:00,44
2019-09-27 17:26:05.334199905+01:00,44
2019-09-27 17:26:05.534349918+01:00,45
2019-09-27 17:26:05.734450102+01:00,45
2019-09-27 17:26:05.934350014+01:00,46
2019-09-27 17:26:06.134249926+01:00,44
2019-09-27 17:26:06.334549904+01:00,38
2019-09-27 17:26:06.534399986+01:00,28
2019-09-27 17:26:06.734299898+01:00,22
2019-09-27 17:26:06.934299946+01:00,21
2019-09-27 17:26:07.134449959+01:00,22
2019-09-27 17:26:07.335500002+01:00,25
2019-09-27 17:26:07.534800053+01:00,25
2019-09-27 17:26:07.734349966+01:00,27
2019-09-27 17:26:07.934350014+01:00,32
2019-09-27 17:26:08.134500027+01:00,38
2019-09-27 17:26:08.334399939+01:00,44
2019-09-27 17:26:08.534399986+01:00,47
2019-09-27 17:26:08.734600067+01:00,52
2019-09-27 17:26:08.934499979+01:00,58
2019-09-27 17:26:09.134449959+01:00,62
2019-09-27 17:26:09.334700108+01:00,68
2019-09-27 17:26:09.534650087+01:00,74
2019-09-27 17:26:09.734499931+01:00,75
2019-09-27 17:26:09.934499979+01:00,75
2019-09-27 17:26:10.134550095+01:00,75
2019-09-27 17:26:10.334650040+01:00,74
2019-09-27 17:26:10.534650087+01:00,74
2019-09-27 17:26:10.734649897+01:00,74
2019-09-27 17:26:10.935450077+01:00,75
2019-09-27 17:26:11.134749889+01:00,74
2019-09-27 17:26:11.335850+01:00,74
2019-09-27 17:26:11.535500050+01:00,74
2019-09-27 17:26:11.735450029+01:00,73
2019-09-27 17:26:11.934700012+01:00,73
2019-09-27 17:26:12.135950089+01:00,73
2019-09-27 17:26:12.335500002+01:00,67
2019-09-27 17:26:12.535449982+01:00,44
2019-09-27 17:26:12.735450029+01:00,33
2019-09-27 17:26:12.934700012+01:00,29
2019-09-27 17:26:13.134749889+01:00,26
2019-09-27 17:26:13.334949970+01:00,23
2019-09-27 17:26:13.534950018+01:00,23
2019-09-27 17:26:13.734950066+01:00,25
2019-09-27 17:26:13.934950113+01:00,28
2019-09-27 17:26:14.135050058+01:00,36
2019-09-27 17:26:14.335000038+01:00,43
2019-09-27 17:26:14.535000086+01:00,42
2019-09-27 17:26:14.735049963+01:00,39
2019-09-27 17:26:14.935050011+01:00,37
2019-09-27 17:26:15.135050058+01:00,35
2019-09-27 17:26:15.335050106+01:00,33
2019-09-27 17:26:15.535049915+01:00,32
2019-09-27 17:26:15.734999895+01:00,32
2019-09-27 17:26:15.935050011+01:00,31
2019-09-27 17:26:16.135050058+01:00,33
2019-09-27 17:26:16.335050106+01:00,36
2019-09-27 17:26:16.535000086+01:00,37
2019-09-27 17:26:16.734999895+01:00,37
2019-09-27 17:26:16.935199976+01:00,36
2019-09-27 17:26:17.135050058+01:00,36
2019-09-27 17:26:17.335000038+01:00,35
2019-09-27 17:26:17.535150051+01:00,34
2019-09-27 17:26:17.735049963+01:00,34
2019-09-27 17:26:17.935050011+01:00,34
2019-09-27 17:26:18.135149956+01:00,34
2019-09-27 17:26:18.335099936+01:00,33
2019-09-27 17:26:18.535099982+01:00,34
2019-09-27 17:26:18.735100031+01:00,35
2019-09-27 17:26:18.935100079+01:00,35
2019-09-27 17:26:19.135149956+01:00,34
2019-09-27 17:26:19.335150003+01:00,34
2019-09-27 17:26:19.535150051+01:00,35
2019-09-27 17:26:19.735199928+01:00,35
2019-09-27 17:26:19.935199976+01:00,34
2019-09-27 17:26:20.135349989+01:00,34
2019-09-27 17:26:20.335400105+01:00,34
2019-09-27 17:26:20.535350083+01:00,33
2019-09-27 17:26:20.735349894+01:00,33
2019-09-27 17:26:20.935400009+01:00,33
2019-09-27 17:26:21.135449886+01:00,34
2019-09-27 17:26:21.335449934+01:00,33
2019-09-27 17:26:21.535300016+01:00,33
2019-09-27 17:26:21.735300064+01:00,34
2019-09-27 17:26:21.935349941+01:00,34
2019-09-27 17:26:22.135400057+01:00,34
2019-09-27 17:26:22.335400105+01:00,34
2019-09-27 17:26:22.535449982+01:00,34
2019-09-27 17:26:22.735450029+01:00,33
2019-09-27 17:26:22.935750008+01:00,32
2019-09-27 17:26:23.135550022+01:00,34
2019-09-27 17:26:23.335550070+01:00,41
2019-09-27 17:26:23.535550117+01:00,51
2019-09-27 17:26:23.736700058+01:00,80
2019-09-27 17:26:23.935600042+01:00,89
2019-09-27 17:26:24.135649920+01:00,89
2019-09-27 17:26:24.335649967+01:00,90
2019-09-27 17:26:24.535700083+01:00,90
2019-09-27 17:26:24.735699892+01:00,90
2019-09-27 17:26:24.935750008+01:00,90
2019-09-27 17:26:25.135799885+01:00,91
2019-09-27 17:26:25.335599899+01:00,91
2019-09-27 17:26:25.535850048+01:00,90
2019-09-27 17:26:25.735650063+01:00,89
2019-09-27 17:26:25.935600042+01:00,90
2019-09-27 17:26:26.135649920+01:00,90
2019-09-27 17:26:26.335649967+01:00,89
2019-09-27 17:26:26.536000013+01:00,89
2019-09-27 17:26:26.735699892+01:00,90
2019-09-27 17:26:26.935699940+01:00,91
2019-09-27 17:26:27.136049986+01:00,91
2019-09-27 17:26:27.335850+01:00,92
2019-09-27 17:26:27.535749912+01:00,91
2019-09-27 17:26:27.735749960+01:00,89
2019-09-27 17:26:27.935750008+01:00,88
2019-09-27 17:26:28.135799885+01:00,89
2019-09-27 17:26:28.335999966+01:00,90
2019-09-27 17:26:28.535799979+01:00,90
2019-09-27 17:26:28.736249924+01:00,90
2019-09-27 17:26:28.936300039+01:00,93
2019-09-27 17:26:29.135950089+01:00,94
2019-09-27 17:26:29.335949898+01:00,94
2019-09-27 17:26:29.535900116+01:00,93
2019-09-27 17:26:29.735899925+01:00,92
2019-09-27 17:26:29.935899973+01:00,90
2019-09-27 17:26:30.136250019+01:00,88
2019-09-27 17:26:30.335949898+01:00,87
2019-09-27 17:26:30.536050080+01:00,86
2019-09-27 17:26:30.736200094+01:00,85
2019-09-27 17:26:30.936049938+01:00,85
2019-09-27 17:26:31.136600018+01:00,84
2019-09-27 17:26:31.336100101+01:00,83
2019-09-27 17:26:31.536099911+01:00,82
2019-09-27 17:26:31.736249924+01:00,81
2019-09-27 17:26:31.936350107+01:00,72
2019-09-27 17:26:32.137350082+01:00,65
2019-09-27 17:26:32.336100101+01:00,56
2019-09-27 17:26:32.536099911+01:00,54
2019-09-27 17:26:32.736200094+01:00,43
2019-09-27 17:26:32.936300039+01:00,42
2019-09-27 17:26:33.136149883+01:00,43
2019-09-27 17:26:33.336349964+01:00,44
2019-09-27 17:26:33.536400079+01:00,44
2019-09-27 17:26:33.736249924+01:00,46
2019-09-27 17:26:33.936899900+01:00,48
2019-09-27 17:26:34.136499882+01:00,50
2019-09-27 17:26:34.336199999+01:00,51
2019-09-27 17:26:34.536449909+01:00,53
2019-09-27 17:26:34.736249924+01:00,55
2019-09-27 17:26:34.936399937+01:00,59
2019-09-27 17:26:35.136300087+01:00,62
2019-09-27 17:26:35.336400032+01:00,64
2019-09-27 17:26:35.536400079+01:00,64
2019-09-27 17:26:35.736550093+01:00,66
2019-09-27 17:26:35.936500072+01:00,68
2019-09-27 17:26:36.136650085+01:00,68
2019-09-27 17:26:36.336600065+01:00,68
2019-09-27 17:26:36.536400079+01:00,68
2019-09-27 17:26:36.736399889+01:00,67
2019-09-27 17:26:36.936500072+01:00,67
2019-09-27 17:26:37.136650085+01:00,66
2019-09-27 17:26:37.336450100+01:00,66
2019-09-27 17:26:37.536550045+01:00,63
2019-09-27 17:26:37.736550093+01:00,53
2019-09-27 17:26:37.936700106+01:00,36
2019-09-27 17:26:38.136549950+01:00,33
2019-09-27 17:26:38.336600065+01:00,28
2019-09-27 17:26:38.536499976+01:00,26
2019-09-27 17:26:38.736649990+01:00,26
2019-09-27 17:26:38.936500072+01:00,27
2019-09-27 17:26:39.136549950+01:00,26
2019-09-27 17:26:39.336549997+01:00,25
2019-09-27 17:26:39.536550045+01:00,26
2019-09-27 17:26:39.736649990+01:00,27
2019-09-27 17:26:39.936599970+01:00,27
2019-09-27 17:26:40.136650085+01:00,28
2019-09-27 17:26:40.336750031+01:00,26
2019-09-27 17:26:40.536950111+01:00,36
2019-09-27 17:26:40.736749887+01:00,47
2019-09-27 17:26:40.936850071+01:00,63
2019-09-27 17:26:41.136850119+01:00,69
2019-09-27 17:26:41.336699963+01:00,74
2019-09-27 17:26:41.536700010+01:00,80
2019-09-27 17:26:41.736700058+01:00,81
2019-09-27 17:26:41.936850071+01:00,81
2019-09-27 17:26:42.136800051+01:00,81
2019-09-27 17:26:42.336800098+01:00,81
2019-09-27 17:26:42.536849975+01:00,81
2019-09-27 17:26:42.736949921+01:00,81
2019-09-27 17:26:42.936800003+01:00,80
2019-09-27 17:26:43.136850119+01:00,80
2019-09-27 17:26:43.336849928+01:00,80
2019-09-27 17:26:43.536849975+01:00,81
2019-09-27 17:26:43.736900091+01:00,81
2019-09-27 17:26:43.936850071+01:00,80
2019-09-27 17:26:44.136899948+01:00,80
2019-09-27 17:26:44.336999893+01:00,81
2019-09-27 17:26:44.536950111+01:00,81
2019-09-27 17:26:44.737149954+01:00,81
2019-09-27 17:26:44.936949968+01:00,80
2019-09-27 17:26:45.137000084+01:00,79
2019-09-27 17:26:45.336999893+01:00,79
2019-09-27 17:26:45.536999941+01:00,79
2019-09-27 17:26:45.736999989+01:00,68
2019-09-27 17:26:45.937000036+01:00,63
2019-09-27 17:26:46.137049913+01:00,63
2019-09-27 17:26:46.337049961+01:00,59
2019-09-27 17:26:46.537050009+01:00,58
2019-09-27 17:26:46.737050056+01:00,58
2019-09-27 17:26:46.937050104+01:00,58
2019-09-27 17:26:47.137099981+01:00,58
2019-09-27 17:26:47.337150097+01:00,59
2019-09-27 17:26:47.537149906+01:00,58
2019-09-27 17:26:47.737349987+01:00,61
2019-09-27 17:26:47.937150002+01:00,54
2019-09-27 17:26:48.137200117+01:00,48
2019-09-27 17:26:48.337199926+01:00,42
2019-09-27 17:26:48.537199974+01:00,32
2019-09-27 17:26:48.737200022+01:00,24
2019-09-27 17:26:48.937249899+01:00,22
2019-09-27 17:26:49.137249947+01:00,22
2019-09-27 17:26:49.337450027+01:00,25
2019-09-27 17:26:49.537300110+01:00,27
2019-09-27 17:26:49.737349987+01:00,28
2019-09-27 17:26:49.937299967+01:00,28
2019-09-27 17:26:50.138499975+01:00,28
2019-09-27 17:26:50.537450075+01:00,29
2019-09-27 17:26:50.737550020+01:00,29
2019-09-27 17:26:51.537549973+01:00,29
2019-09-27 17:26:53.137550116+01:00,82
2019-09-27 17:26:53.537549973+01:00,50
2019-09-27 17:26:53.737550020+01:00,41
2019-09-27 17:26:54.137599945+01:00,33
2019-09-27 17:26:54.337599993+01:00,33
2019-09-27 17:26:54.537650108+01:00,34
2019-09-27 17:26:55.137650013+01:00,35
2019-09-27 17:26:55.337699890+01:00,34
2019-09-27 17:26:55.537699938+01:00,35
2019-09-27 17:26:55.737699986+01:00,36
2019-09-27 17:26:55.937700033+01:00,36
2019-09-27 17:26:56.137749910+01:00,36
2019-09-27 17:26:56.337749958+01:00,37
2019-09-27 17:26:56.538000107+01:00,36
2019-09-27 17:26:56.737750053+01:00,37
2019-09-27 17:26:56.937750101+01:00,37
2019-09-27 17:26:57.137799978+01:00,37
2019-09-27 17:26:57.337850094+01:00,37
2019-09-27 17:26:57.537849903+01:00,38
2019-09-27 17:26:57.737799883+01:00,44
2019-09-27 17:26:57.937949896+01:00,47
2019-09-27 17:26:58.137949944+01:00,48
2019-09-27 17:26:58.337899923+01:00,39
2019-09-27 17:26:58.537899971+01:00,36
2019-09-27 17:26:58.737900019+01:00,35
2019-09-27 17:26:58.937949896+01:00,33
2019-09-27 17:26:59.137949944+01:00,31
2019-09-27 17:26:59.337949991+01:00,30
2019-09-27 17:26:59.538000107+01:00,31
2019-09-27 17:26:59.737999916+01:00,32
2019-09-27 17:27:00.138200045+01:00,33
2019-09-27 17:27:00.338150024+01:00,34
2019-09-27 17:27:00.538049936+01:00,34
2019-09-27 17:27:00.738149881+01:00,34
2019-09-27 17:27:00.938149929+01:00,34
2019-09-27 17:27:01.138200045+01:00,33
2019-09-27 17:27:01.338249922+01:00,33
2019-09-27 17:27:01.538249969+01:00,32
2019-09-27 17:27:01.738149881+01:00,33
2019-09-27 17:27:01.938100100+01:00,33
2019-09-27 17:27:02.138200045+01:00,33
2019-09-27 17:27:02.338150024+01:00,33
2019-09-27 17:27:02.538199902+01:00,32
2019-09-27 17:27:02.738950014+01:00,33
2019-09-27 17:27:02.938199997+01:00,33
2019-09-27 17:27:03.138250113+01:00,33
2019-09-27 17:27:03.338249922+01:00,33
2019-09-27 17:27:03.538249969+01:00,33
2019-09-27 17:27:30.940299988+01:00,92
2019-09-27 17:27:31.140199900+01:00,90
2019-09-27 17:27:31.340399981+01:00,92
2019-09-27 17:27:31.540199995+01:00,93
2019-09-27 17:27:31.740350008+01:00,92
2019-09-27 17:27:31.941349983+01:00,88
2019-09-27 17:27:32.140300035+01:00,80
2019-09-27 17:27:32.340399981+01:00,71
2019-09-27 17:27:32.540299892+01:00,69
2019-09-27 17:27:32.740400076+01:00,76
2019-09-27 17:27:32.940399885+01:00,68
2019-09-27 17:27:33.140350103+01:00,67
2019-09-27 17:27:33.340600014+01:00,67
2019-09-27 17:27:33.540349960+01:00,66
2019-09-27 17:27:33.740550041+01:00,65
2019-09-27 17:27:33.940350056+01:00,55
2019-09-27 17:27:34.140399933+01:00,31
2019-09-27 17:27:34.340650082+01:00,27
2019-09-27 17:27:34.540450096+01:00,24
2019-09-27 17:27:34.740449905+01:00,25
2019-09-27 17:27:34.940850019+01:00,27
2019-09-27 17:27:35.140500069+01:00,27
2019-09-27 17:27:35.340500116+01:00,26
2019-09-27 17:27:35.540499926+01:00,26
2019-09-27 17:27:35.740499973+01:00,26
2019-09-27 17:27:35.940500021+01:00,27
2019-09-27 17:27:36.140650034+01:00,32
2019-09-27 17:27:36.340600014+01:00,51
2019-09-27 17:27:36.540699959+01:00,85
2019-09-27 17:27:36.740700006+01:00,93
2019-09-27 17:27:36.940700054+01:00,93
2019-09-27 17:27:37.140650034+01:00,92
2019-09-27 17:27:37.340650082+01:00,92
2019-09-27 17:27:37.540649891+01:00,93
2019-09-27 17:27:37.740999937+01:00,93
2019-09-27 17:27:37.940649986+01:00,94
2019-09-27 17:27:38.140700102+01:00,96
2019-09-27 17:27:38.340699911+01:00,95
2019-09-27 17:27:38.540899992+01:00,94
2019-09-27 17:27:38.740849972+01:00,92
2019-09-27 17:27:38.940900087+01:00,90
2019-09-27 17:27:39.140749931+01:00,88
2019-09-27 17:27:39.340749979+01:00,87
2019-09-27 17:27:39.540800095+01:00,75
2019-09-27 17:27:39.740950108+01:00,59
2019-09-27 17:27:39.940850019+01:00,59
2019-09-27 17:27:40.141099930+01:00,62
2019-09-27 17:27:40.340850115+01:00,63
2019-09-27 17:27:40.540950060+01:00,72
2019-09-27 17:27:40.741199970+01:00,75
2019-09-27 17:27:40.940999985+01:00,76
2019-09-27 17:27:41.141000032+01:00,76
2019-09-27 17:27:41.341700077+01:00,77
2019-09-27 17:27:41.540899992+01:00,77
2019-09-27 17:27:41.740950108+01:00,79
2019-09-27 17:27:41.940949917+01:00,78
2019-09-27 17:27:42.141099930+01:00,51
2019-09-27 17:27:42.341200113+01:00,39
2019-09-27 17:27:42.541100025+01:00,32
2019-09-27 17:27:42.740999937+01:00,27
2019-09-27 17:27:42.942049980+01:00,25
2019-09-27 17:27:43.141050100+01:00,26
2019-09-27 17:27:43.341049910+01:00,25
2019-09-27 17:27:43.541049957+01:00,31
2019-09-27 17:27:43.741050005+01:00,42
2019-09-27 17:27:43.941200018+01:00,48
2019-09-27 17:27:44.141099930+01:00,39
2019-09-27 17:27:44.341150045+01:00,31
2019-09-27 17:27:44.541150093+01:00,26
2019-09-27 17:27:44.741100073+01:00,26
2019-09-27 17:27:44.941149950+01:00,26
2019-09-27 17:27:45.141149998+01:00,30
2019-09-27 17:27:45.341200113+01:00,41
2019-09-27 17:27:45.541199923+01:00,47
2019-09-27 17:27:45.741450071+01:00,45
2019-09-27 17:27:45.941299915+01:00,42
2019-09-27 17:27:46.141249895+01:00,41
2019-09-27 17:27:46.341300011+01:00,39
2019-09-27 17:27:46.541300058+01:00,37
2019-09-27 17:27:46.741250038+01:00,36
2019-09-27 17:27:46.941299915+01:00,34
2019-09-27 17:27:47.141599894+01:00,33
2019-09-27 17:27:47.341449976+01:00,32
2019-09-27 17:27:47.541300058+01:00,33
2019-09-27 17:27:47.741349936+01:00,33
2019-09-27 17:27:47.941400051+01:00,32
2019-09-27 17:27:48.141400099+01:00,33
2019-09-27 17:27:48.341399908+01:00,35
2019-09-27 17:27:48.541500092+01:00,35
2019-09-27 17:27:48.741600037+01:00,34
2019-09-27 17:27:48.941550016+01:00,34
2019-09-27 17:27:49.141499996+01:00,34
2019-09-27 17:27:49.341500044+01:00,34
2019-09-27 17:27:49.541500092+01:00,33
2019-09-27 17:27:49.741499901+01:00,33
2019-09-27 17:27:49.941499949+01:00,34
2019-09-27 17:27:50.141900063+01:00,40
2019-09-27 17:27:50.341650009+01:00,46
2019-09-27 17:27:50.541650057+01:00,48
2019-09-27 17:27:50.741800070+01:00,53
2019-09-27 17:27:50.941699982+01:00,50
2019-09-27 17:27:51.141599894+01:00,49
2019-09-27 17:27:51.341599941+01:00,48
2019-09-27 17:27:51.541650057+01:00,49
2019-09-27 17:27:51.741750002+01:00,48
2019-09-27 17:27:51.941600084+01:00,47
2019-09-27 17:27:52.141700029+01:00,47
2019-09-27 17:27:52.341650009+01:00,49
2019-09-27 17:27:52.541699886+01:00,48
2019-09-27 17:27:52.741699934+01:00,47
2019-09-27 17:27:52.941699982+01:00,47
2019-09-27 17:27:53.141750097+01:00,49
2019-09-27 17:27:53.341749907+01:00,48
2019-09-27 17:27:53.541800022+01:00,54
2019-09-27 17:27:53.741750002+01:00,65
2019-09-27 17:27:53.941750050+01:00,67
2019-09-27 17:27:54.144049883+01:00,68
2019-09-27 17:27:54.341850042+01:00,74
2019-09-27 17:27:54.541850090+01:00,75
2019-09-27 17:27:54.741950035+01:00,76
2019-09-27 17:27:54.941849947+01:00,75
2019-09-27 17:27:55.141900063+01:00,75
2019-09-27 17:27:55.341850042+01:00,77
2019-09-27 17:27:55.541899920+01:00,77
2019-09-27 17:27:55.741899967+01:00,78
2019-09-27 17:27:55.941950083+01:00,73
2019-09-27 17:27:56.141949892+01:00,67
2019-09-27 17:27:56.341949940+01:00,64
2019-09-27 17:27:56.542000055+01:00,62
2019-09-27 17:27:56.741950035+01:00,65
2019-09-27 17:27:56.941999912+01:00,66
2019-09-27 17:27:57.142199993+01:00,68
2019-09-27 17:27:57.342050076+01:00,67
2019-09-27 17:27:57.542049885+01:00,71
2019-09-27 17:27:57.742150068+01:00,78
2019-09-27 17:27:57.942049980+01:00,88
2019-09-27 17:27:58.142199993+01:00,93
2019-09-27 17:27:58.342299938+01:00,94
2019-09-27 17:27:58.542099953+01:00,94
2019-09-27 17:27:58.742150068+01:00,94
2019-09-27 17:27:58.942150116+01:00,93
2019-09-27 17:27:59.142699957+01:00,92
2019-09-27 17:27:59.342149973+01:00,92
2019-09-27 17:27:59.542200089+01:00,92
2019-09-27 17:27:59.742350101+01:00,92
2019-09-27 17:27:59.942199945+01:00,92
2019-09-27 17:28:00.142450094+01:00,91
2019-09-27 17:28:00.342350006+01:00,91
2019-09-27 17:28:00.542350054+01:00,90
2019-09-27 17:28:00.742399931+01:00,90
2019-09-27 17:28:00.942349911+01:00,89
2019-09-27 17:28:01.142400026+01:00,88
2019-09-27 17:28:01.342299938+01:00,87
2019-09-27 17:28:01.542399883+01:00,86
2019-09-27 17:28:01.742350101+01:00,84
2019-09-27 17:28:01.942349911+01:00,82
2019-09-27 17:28:02.142499924+01:00,81
2019-09-27 17:28:02.342449903+01:00,80
2019-09-27 17:28:02.542399883+01:00,79
2019-09-27 17:28:02.742399931+01:00,79
2019-09-27 17:28:02.942399979+01:00,79
2019-09-27 17:28:03.142450094+01:00,79
2019-09-27 17:28:03.342449903+01:00,81
2019-09-27 17:28:03.542500019+01:00,77
2019-09-27 17:28:03.742500067+01:00,58
2019-09-27 17:28:03.942450047+01:00,49
2019-09-27 17:28:04.142499924+01:00,49
2019-09-27 17:28:04.342550039+01:00,50
2019-09-27 17:28:04.544150114+01:00,50
2019-09-27 17:28:04.742549896+01:00,50
2019-09-27 17:28:04.942549944+01:00,50
2019-09-27 17:28:05.142800093+01:00,50
2019-09-27 17:28:05.342600107+01:00,50
2019-09-27 17:28:05.542599916+01:00,50
2019-09-27 17:28:05.742700100+01:00,42
2019-09-27 17:28:05.942650080+01:00,38
2019-09-27 17:28:06.142649889+01:00,31
2019-09-27 17:28:06.342700005+01:00,24
2019-09-27 17:28:06.542700052+01:00,22
2019-09-27 17:28:06.742700100+01:00,21
2019-09-27 17:28:06.942800045+01:00,24
2019-09-27 17:28:07.143899918+01:00,24
2019-09-27 17:28:07.342750072+01:00,24
2019-09-27 17:28:07.542749882+01:00,24
2019-09-27 17:28:07.743849993+01:00,25
2019-09-27 17:28:07.942800045+01:00,27
2019-09-27 17:28:08.142800093+01:00,30
2019-09-27 17:28:08.343849897+01:00,35
2019-09-27 17:28:08.543900013+01:00,38
2019-09-27 17:28:08.743849993+01:00,39
2019-09-27 17:28:08.943900108+01:00,39
2019-09-27 17:28:09.143850088+01:00,38
2019-09-27 17:28:09.342999935+01:00,30
2019-09-27 17:28:09.543900013+01:00,24
2019-09-27 17:28:09.743849993+01:00,22
2019-09-27 17:28:09.943850040+01:00,22
2019-09-27 17:28:10.143899918+01:00,22
2019-09-27 17:28:10.343849897+01:00,23
2019-09-27 17:28:10.543849945+01:00,26
2019-09-27 17:28:10.743849993+01:00,28
2019-09-27 17:28:10.943900108+01:00,28
2019-09-27 17:28:11.143850088+01:00,28
2019-09-27 17:28:11.343899965+01:00,28
2019-09-27 17:28:11.543849945+01:00,29
2019-09-27 17:28:11.743849993+01:00,29
2019-09-27 17:28:11.943850040+01:00,29
2019-09-27 17:28:12.143850088+01:00,28
2019-09-27 17:28:12.343849897+01:00,28
2019-09-27 17:28:12.543849945+01:00,28
2019-09-27 17:28:12.743849993+01:00,28
2019-09-27 17:28:12.943799973+01:00,28
2019-09-27 17:28:13.143850088+01:00,29
2019-09-27 17:28:13.343849897+01:00,28
2019-09-27 17:28:13.543800116+01:00,26
2019-09-27 17:28:13.743849993+01:00,26
2019-09-27 17:28:13.943799973+01:00,27
2019-09-27 17:28:14.143850088+01:00,27
2019-09-27 17:28:14.343849897+01:00,28
2019-09-27 17:28:14.543800116+01:00,28
2019-09-27 17:28:14.743750095+01:00,27
2019-09-27 17:28:14.943749905+01:00,28
2019-09-27 17:28:15.143850088+01:00,28
2019-09-27 17:28:15.343800068+01:00,29
2019-09-27 17:28:15.543800116+01:00,34
2019-09-27 17:28:15.743750095+01:00,42
2019-09-27 17:28:15.943799973+01:00,53
2019-09-27 17:28:16.143850088+01:00,54
2019-09-27 17:28:16.343800068+01:00,58
2019-09-27 17:28:16.543800116+01:00,61
2019-09-27 17:28:16.743849993+01:00,60
2019-09-27 17:28:16.943749905+01:00,59
2019-09-27 17:28:17.143800020+01:00,61
2019-09-27 17:28:17.343800068+01:00,72
2019-09-27 17:28:17.543800116+01:00,81
2019-09-27 17:28:17.743799925+01:00,79
2019-09-27 17:28:17.943749905+01:00,76
2019-09-27 17:28:18.143800020+01:00,72
2019-09-27 17:28:18.343800068+01:00,71
2019-09-27 17:28:18.543800116+01:00,75
2019-09-27 17:28:18.743750095+01:00,84
2019-09-27 17:28:18.943749905+01:00,92
2019-09-27 17:28:19.143800020+01:00,96
2019-09-27 17:28:19.343800068+01:00,96
2019-09-27 17:28:19.543750048+01:00,96
2019-09-27 17:28:19.743750095+01:00,96
2019-09-27 17:28:19.943749905+01:00,96
2019-09-27 17:28:20.143800020+01:00,95
2019-09-27 17:28:20.343800068+01:00,95
2019-09-27 17:28:20.543849945+01:00,94
2019-09-27 17:28:20.743999958+01:00,94
2019-09-27 17:28:20.943799973+01:00,93
2019-09-27 17:28:21.143800020+01:00,92
2019-09-27 17:28:21.343699932+01:00,92
2019-09-27 17:28:21.543800116+01:00,92
2019-09-27 17:28:21.743750095+01:00,92
2019-09-27 17:28:21.943749905+01:00,91
2019-09-27 17:28:22.144000053+01:00,89
2019-09-27 17:28:22.343950033+01:00,88
2019-09-27 17:28:22.543900013+01:00,87
2019-09-27 17:28:22.743999958+01:00,86
2019-09-27 17:28:22.943799973+01:00,86
2019-09-27 17:28:23.143850088+01:00,85
2019-09-27 17:28:23.343849897+01:00,85
2019-09-27 17:28:23.544150114+01:00,84
2019-09-27 17:28:23.743900061+01:00,70
2019-09-27 17:28:23.943900108+01:00,66
2019-09-27 17:28:24.143899918+01:00,57
2019-09-27 17:28:24.343950033+01:00,46
2019-09-27 17:28:24.543950081+01:00,44
2019-09-27 17:28:24.743949890+01:00,45
2019-09-27 17:28:24.944050074+01:00,49
2019-09-27 17:28:25.144000053+01:00,49
2019-09-27 17:28:25.344000101+01:00,50
2019-09-27 17:28:25.544100046+01:00,50
2019-09-27 17:28:25.744149923+01:00,50
2019-09-27 17:28:25.944050074+01:00,50
2019-09-27 17:28:26.144049883+01:00,50
2019-09-27 17:28:26.344300032+01:00,49
2019-09-27 17:28:26.544899940+01:00,42
2019-09-27 17:28:26.744250059+01:00,37
2019-09-27 17:28:26.944099903+01:00,36
2019-09-27 17:28:27.144150019+01:00,32
2019-09-27 17:28:27.344150066+01:00,24
2019-09-27 17:28:27.544150114+01:00,22
2019-09-27 17:28:27.744250059+01:00,29
2019-09-27 17:28:27.944250107+01:00,36
2019-09-27 17:28:28.144249916+01:00,43
2019-09-27 17:28:28.344300032+01:00,54
2019-09-27 17:28:28.544250011+01:00,64
2019-09-27 17:28:28.744349957+01:00,68
2019-09-27 17:28:28.944250107+01:00,70
2019-09-27 17:28:29.144399881+01:00,72
2019-09-27 17:28:29.344300032+01:00,72
2019-09-27 17:28:29.544349909+01:00,71
2019-09-27 17:28:29.744299889+01:00,78
2019-09-27 17:28:29.944350004+01:00,77
2019-09-27 17:28:30.144399881+01:00,76
2019-09-27 17:28:30.344500065+01:00,76
2019-09-27 17:28:30.544450045+01:00,74
2019-09-27 17:28:30.744499922+01:00,74
2019-09-27 17:28:30.944499969+01:00,74
2019-09-27 17:28:31.144500017+01:00,75
2019-09-27 17:28:31.344500065+01:00,75
2019-09-27 17:28:31.544450045+01:00,74
2019-09-27 17:28:31.744549990+01:00,74
2019-09-27 17:28:31.944600105+01:00,74
2019-09-27 17:28:32.144649982+01:00,75
2019-09-27 17:28:32.344650030+01:00,75
2019-09-27 17:28:32.544549942+01:00,75
2019-09-27 17:28:32.744549990+01:00,74
2019-09-27 17:28:32.944649935+01:00,74
2019-09-27 17:28:33.144599915+01:00,74
2019-09-27 17:28:33.344700098+01:00,74
2019-09-27 17:28:33.544600010+01:00,74
2019-09-27 17:28:33.744600058+01:00,68
2019-09-27 17:28:33.944900036+01:00,52
2019-09-27 17:28:34.144649982+01:00,44
2019-09-27 17:28:34.344650030+01:00,33
2019-09-27 17:28:34.544650078+01:00,24
2019-09-27 17:28:34.744750023+01:00,20
2019-09-27 17:28:34.944750071+01:00,19
2019-09-27 17:28:35.144799948+01:00,19
2019-09-27 17:28:35.344749928+01:00,24
2019-09-27 17:28:35.544800043+01:00,35
2019-09-27 17:28:35.744699955+01:00,42
2019-09-27 17:28:35.944799900+01:00,50
2019-09-27 17:28:36.144850016+01:00,55
2019-09-27 17:28:36.344799995+01:00,56
2019-09-27 17:28:36.544800043+01:00,61
2019-09-27 17:28:36.744800091+01:00,57
2019-09-27 17:28:36.944799900+01:00,63
2019-09-27 17:28:37.144850016+01:00,68
2019-09-27 17:28:37.344850063+01:00,67
2019-09-27 17:28:37.544850111+01:00,73
2019-09-27 17:28:37.744849920+01:00,60
2019-09-27 17:28:37.944900036+01:00,69
2019-09-27 17:28:38.144999981+01:00,70
2019-09-27 17:28:38.345000029+01:00,78
2019-09-27 17:28:38.544899940+01:00,74
2019-09-27 17:28:38.744950056+01:00,77
2019-09-27 17:28:38.945199966+01:00,79
2019-09-27 17:28:39.144999981+01:00,77
2019-09-27 17:28:39.345000029+01:00,76
2019-09-27 17:28:39.545000076+01:00,76
2019-09-27 17:28:39.745049953+01:00,74
2019-09-27 17:28:39.945050001+01:00,74
2019-09-27 17:28:40.145100117+01:00,73
2019-09-27 17:28:40.345200062+01:00,72
2019-09-27 17:28:40.545350075+01:00,58
2019-09-27 17:28:40.745199919+01:00,43
2019-09-27 17:28:40.945199966+01:00,39
2019-09-27 17:28:41.146349907+01:00,39
2019-09-27 17:28:41.345249891+01:00,40
2019-09-27 17:28:41.545150042+01:00,39
2019-09-27 17:28:41.745150089+01:00,38
2019-09-27 17:28:41.945149899+01:00,39
2019-09-27 17:28:42.145200014+01:00,39
2019-09-27 17:28:42.345400095+01:00,34
2019-09-27 17:28:42.545300007+01:00,30
2019-09-27 17:28:42.745199919+01:00,25
2019-09-27 17:28:42.945199966+01:00,23
2019-09-27 17:28:43.145250082+01:00,24
2019-09-27 17:28:43.345299959+01:00,26
2019-09-27 17:28:43.545399904+01:00,28
2019-09-27 17:28:43.745399952+01:00,38
2019-09-27 17:28:43.945300102+01:00,44
2019-09-27 17:28:44.145349979+01:00,43
2019-09-27 17:28:44.346199989+01:00,40
2019-09-27 17:28:44.545350075+01:00,36
2019-09-27 17:28:44.745349884+01:00,34
2019-09-27 17:28:44.945450068+01:00,31
2019-09-27 17:28:45.145400047+01:00,31
2019-09-27 17:28:45.345400095+01:00,30
2019-09-27 17:28:45.545399904+01:00,31
2019-09-27 17:28:45.745599985+01:00,33
2019-09-27 17:28:45.945450068+01:00,38
2019-09-27 17:28:46.145499945+01:00,38
2019-09-27 17:28:46.345499992+01:00,37
2019-09-27 17:28:46.545500040+01:00,36
2019-09-27 17:28:46.745500088+01:00,35
2019-09-27 17:28:46.945549965+01:00,33
2019-09-27 17:28:47.145550013+01:00,32
2019-09-27 17:28:47.346349955+01:00,33
2019-09-27 17:29:02.146600008+01:00,50
2019-09-27 17:29:02.346849918+01:00,49
2019-09-27 17:29:02.546750069+01:00,52
2019-09-27 17:29:02.946650028+01:00,47
2019-09-27 17:29:03.146699905+01:00,45
2019-09-27 17:29:03.346750021+01:00,45
2019-09-27 17:29:03.546700001+01:00,44
2019-09-27 17:29:03.746700048+01:00,42
2019-09-27 17:29:03.946700096+01:00,43
2019-09-27 17:29:04.146749973+01:00,42
2019-09-27 17:29:04.346849918+01:00,45
2019-09-27 17:29:04.546799898+01:00,45
2019-09-27 17:29:04.746999979+01:00,41
2019-09-27 17:29:04.946799994+01:00,41
2019-09-27 17:29:05.147049904+01:00,49
2019-09-27 17:29:05.346849918+01:00,42
2019-09-27 17:29:05.546950102+01:00,40
2019-09-27 17:29:05.746850014+01:00,40
2019-09-27 17:29:05.946799994+01:00,40
2019-09-27 17:29:06.146899939+01:00,41
2019-09-27 17:29:06.346899986+01:00,41
2019-09-27 17:29:06.546900034+01:00,41
2019-09-27 17:29:06.746900082+01:00,41
2019-09-27 17:29:06.946949959+01:00,41
2019-09-27 17:29:07.346999884+01:00,30
2019-09-27 17:29:07.546999931+01:00,27
2019-09-27 17:29:07.746999979+01:00,26
2019-09-27 17:29:07.947000027+01:00,28
2019-09-27 17:29:08.147049904+01:00,26
2019-09-27 17:29:08.347049952+01:00,26
2019-09-27 17:29:08.547049999+01:00,26
2019-09-27 17:29:08.747050047+01:00,27
2019-09-27 17:29:08.947099924+01:00,27
2019-09-27 17:29:09.147099972+01:00,28
2019-09-27 17:29:09.348299980+01:00,33
2019-09-27 17:29:09.547100067+01:00,38
2019-09-27 17:29:09.747299910+01:00,38
2019-09-27 17:29:09.947149992+01:00,36
2019-09-27 17:29:10.147200108+01:00,34
2019-09-27 17:29:10.347300053+01:00,32
2019-09-27 17:29:10.547499895+01:00,31
2019-09-27 17:29:10.747299910+01:00,31
2019-09-27 17:29:10.947350025+01:00,31
2019-09-27 17:29:11.147249937+01:00,30
2019-09-27 17:29:11.347249985+01:00,30
2019-09-27 17:29:11.547250032+01:00,31
2019-09-27 17:29:11.747299910+01:00,32
2019-09-27 17:29:11.947299957+01:00,31
2019-09-27 17:29:12.147550106+01:00,37
2019-09-27 17:29:12.347300053+01:00,45
2019-09-27 17:29:12.547349930+01:00,44
2019-09-27 17:29:12.747349977+01:00,48
2019-09-27 17:29:12.947350025+01:00,46
2019-09-27 17:29:13.147399902+01:00,44
2019-09-27 17:29:13.347399950+01:00,43
2019-09-27 17:29:13.547399998+01:00,43
2019-09-27 17:29:13.747400045+01:00,43
2019-09-27 17:29:13.947400093+01:00,44
2019-09-27 17:29:14.147449970+01:00,44
2019-09-27 17:29:14.347450018+01:00,44
2019-09-27 17:29:14.547450066+01:00,44
2019-09-27 17:29:14.747499943+01:00,46
2019-09-27 17:29:14.947499990+01:00,47
2019-09-27 17:29:15.147500038+01:00,47
2019-09-27 17:29:15.347549915+01:00,47
2019-09-27 17:29:15.547549963+01:00,47
2019-09-27 17:29:15.747550011+01:00,46
2019-09-27 17:29:15.947550058+01:00,45
2019-09-27 17:29:16.147599936+01:00,47
2019-09-27 17:29:16.347700119+01:00,48
2019-09-27 17:29:16.547600031+01:00,47
