,index,Power,time_stamp
0,5064,3455.056865591398,2019-11-09 03:30:00
1,5065,3455.0758591397844,2019-11-09 03:30:00
2,5066,3455.0948473118274,2019-11-09 03:30:00
3,5067,3455.113827956989,2019-11-09 03:30:00
4,5068,3455.132803225806,2019-11-09 03:30:00
5,5069,3455.1517720430106,2019-11-09 03:30:00
6,5070,3455.1707333333334,2019-11-09 03:30:00
7,5071,3455.1896892473114,2019-11-09 03:30:00
8,5072,3455.208639784946,2019-11-09 03:30:00
9,5073,3455.2275827956987,2019-11-09 03:30:00
10,5074,3455.2465193548383,2019-11-09 03:30:00
11,5075,3455.2654505376345,2019-11-09 03:30:00
12,5076,3455.284374193548,2019-11-09 03:30:00
13,5077,3455.3032924731183,2019-11-09 03:30:00
14,5078,3455.322204301075,2019-11-09 03:30:00
15,5079,3455.3411096774194,2019-11-09 03:30:00
16,5080,3455.36000860215,2019-11-09 03:30:00
17,5081,3455.3789021505377,2019-11-09 03:30:00
18,5082,3455.3977881720425,2019-11-09 03:30:00
19,5083,3455.4166688172045,2019-11-09 03:30:00
20,5084,3455.435543010753,2019-11-09 03:30:00
21,5085,3455.4544107526876,2019-11-09 03:30:00
22,5086,3455.4732720430106,2019-11-09 03:30:00
23,5087,3455.4921268817207,2019-11-09 03:30:00
24,5088,3455.510976344086,2019-11-09 03:30:00
25,5089,3455.5298193548388,2019-11-09 03:30:00
26,5090,3455.5486548387094,2019-11-09 03:30:00
27,5091,3455.5674860215054,2019-11-09 03:30:00
28,5092,3455.586309677419,2019-11-09 03:30:00
29,5093,3455.60512688172,2019-11-09 03:30:00
30,5094,3455.623938709677,2019-11-09 03:30:00
31,5095,3455.642744086021,2019-11-09 03:30:00
32,5096,3455.6615430107527,2019-11-09 03:30:00
33,5097,3455.6803354838707,2019-11-09 03:30:00
34,5098,3455.699121505376,2019-11-09 03:30:00
35,5099,3455.717902150537,2019-11-09 03:30:00
36,5100,3455.736676344086,2019-11-09 03:30:00
37,5101,3455.7554440860213,2019-11-09 03:30:00
38,5102,3455.774205376344,2019-11-09 03:30:00
39,5103,3455.792961290322,2019-11-09 03:30:00
40,5104,3455.811709677419,2019-11-09 03:30:00
41,5105,3455.830452688172,2019-11-09 03:30:00
42,5106,3455.8491892473116,2019-11-09 03:30:00
43,5107,3455.8679204301075,2019-11-09 03:30:00
44,5108,3455.886644086021,2019-11-09 03:30:00
45,5109,3455.905362365591,2019-11-09 03:30:00
46,5110,3455.9240741935487,2019-11-09 03:30:00
47,5111,3455.942780645161,2019-11-09 03:30:00
48,5112,3455.9614795698926,2019-11-09 03:30:00
49,5113,3455.9801731182793,2019-11-09 03:30:00
50,5114,3455.9988602150534,2019-11-09 03:30:00
51,5115,3456.017540860215,2019-11-09 03:30:00
52,5116,3456.036216129032,2019-11-09 03:30:00
53,5117,3456.054884946236,2019-11-09 03:30:00
54,5118,3456.0735473118275,2019-11-09 03:30:00
55,5119,3456.092203225806,2019-11-09 03:30:00
56,5120,3456.1108537634404,2019-11-09 03:30:00
57,5121,3456.129497849462,2019-11-09 03:30:00
58,5122,3456.148135483871,2019-11-09 03:30:00
59,5123,3456.1667666666663,2019-11-09 03:30:00
60,5124,3456.185392473118,2019-11-09 03:30:00
61,5125,3456.2040118279565,2019-11-09 03:30:00
62,5126,3456.222624731183,2019-11-09 03:30:00
63,5127,3456.2412322580644,2019-11-09 03:30:00
64,5128,3456.259833333333,2019-11-09 03:30:00
65,5129,3456.2784279569887,2019-11-09 03:30:00
66,5130,3456.2970161290323,2019-11-09 03:30:00
67,5131,3456.315598924731,2019-11-09 03:30:00
68,5132,3456.334175268817,2019-11-09 03:30:00
69,5133,3456.352746236559,2019-11-09 03:30:00
70,5134,3456.371309677419,2019-11-09 03:30:00
71,5135,3456.389867741935,2019-11-09 03:30:00
72,5136,3456.408420430107,2019-11-09 03:30:00
73,5137,3456.4269655913977,2019-11-09 03:30:00
74,5138,3456.4455053763436,2019-11-09 03:30:00
75,5139,3456.464038709677,2019-11-09 03:30:00
76,5140,3456.4825666666666,2019-11-09 03:30:00
77,5141,3456.501088172043,2019-11-09 03:30:00
78,5142,3456.5196032258063,2019-11-09 03:30:00
79,5143,3456.538111827957,2019-11-09 03:30:00
80,5144,3456.5566150537634,2019-11-09 03:30:00
81,5145,3456.575112903226,2019-11-09 03:30:00
82,5146,3456.5936032258064,2019-11-09 03:30:00
83,5147,3456.6120881720426,2019-11-09 03:30:00
84,5148,3456.6305666666667,2019-11-09 03:30:00
85,5149,3456.649039784946,2019-11-09 03:30:00
86,5150,3456.6675064516126,2019-11-09 03:30:00
87,5151,3456.6859666666664,2019-11-09 03:30:00
88,5152,3456.7044215053766,2019-11-09 03:30:00
89,5153,3456.722869892473,2019-11-09 03:30:00
90,5154,3456.741311827957,2019-11-09 03:30:00
91,5155,3456.759748387097,2019-11-09 03:30:00
92,5156,3456.7781784946233,2019-11-09 03:30:00
93,5157,3456.7966032258064,2019-11-09 03:30:00
94,5158,3456.8150204301073,2019-11-09 03:30:00
95,5159,3456.8334333333332,2019-11-09 03:30:00
96,5160,3456.8518387096774,2019-11-09 03:30:00
97,5161,3456.8702387096773,2019-11-09 03:30:00
98,5162,3456.8886333333335,2019-11-09 03:30:00
99,5163,3456.907021505376,2019-11-09 03:30:00
100,5164,3456.9254032258063,2019-11-09 03:30:00
101,5165,3456.9437784946235,2019-11-09 03:30:00
102,5166,3456.962148387097,2019-11-09 03:30:00
103,5167,3456.9805129032256,2019-11-09 03:30:00
104,5168,3456.998869892473,2019-11-09 03:30:00
105,5169,3457.017222580645,2019-11-09 03:30:00
106,5170,3457.0355677419357,2019-11-09 03:30:00
107,5171,3457.053907526881,2019-11-09 03:30:00
108,5172,3457.072241935484,2019-11-09 03:30:00
109,5173,3457.090568817204,2019-11-09 03:30:00
110,5174,3457.108891397849,2019-11-09 03:30:00
111,5175,3457.127206451613,2019-11-09 03:30:00
112,5176,3457.1455172043006,2019-11-09 03:30:00
113,5177,3457.1638204301075,2019-11-09 03:30:00
114,5178,3457.1821182795697,2019-11-09 03:30:00
115,5179,3457.200409677419,2019-11-09 03:30:00
116,5180,3457.218695698925,2019-11-09 03:30:00
117,5181,3457.236975268817,2019-11-09 03:30:00
118,5182,3457.2552494623656,2019-11-09 03:30:00
119,5183,3457.2735172043012,2019-11-09 03:30:00
120,5184,3457.2917795698922,2019-11-09 03:30:00
121,5185,3457.3100354838707,2019-11-09 03:30:00
122,5186,3457.328286021505,2019-11-09 03:30:00
123,5187,3457.346529032258,2019-11-09 03:30:00
124,5188,3457.364767741935,2019-11-09 03:30:00
125,5189,3457.3829999999994,2019-11-09 03:30:00
126,5190,3457.4012258064513,2019-11-09 03:30:00
127,5191,3457.419446236559,2019-11-09 03:30:00
128,5192,3457.4376602150533,2019-11-09 03:30:00
129,5193,3457.4558688172037,2019-11-09 03:30:00
130,5194,3457.4740709677417,2019-11-09 03:30:00
131,5195,3457.492267741935,2019-11-09 03:30:00
132,5196,3457.510458064516,2019-11-09 03:30:00
133,5197,3457.528643010752,2019-11-09 03:30:00
134,5198,3457.546821505376,2019-11-09 03:30:00
135,5199,3457.564994623656,2019-11-09 03:30:00
136,5200,3457.583161290322,2019-11-09 03:30:00
137,5201,3457.601321505376,2019-11-09 03:30:00
138,5202,3457.619476344086,2019-11-09 03:30:00
139,5203,3457.6376258064515,2019-11-09 03:30:00
140,5204,3457.655768817204,2019-11-09 03:30:00
141,5205,3457.6739064516123,2019-11-09 03:30:00
142,5206,3457.6920376344083,2019-11-09 03:30:00
143,5207,3457.71016344086,2019-11-09 03:30:00
144,5208,3457.7282827956988,2019-11-09 03:30:00
145,5209,3457.746395698925,2019-11-09 03:30:00
146,5210,3457.764504301075,2019-11-09 03:30:00
147,5211,3457.782605376344,2019-11-09 03:30:00
148,5212,3457.8007021505373,2019-11-09 03:30:00
149,5213,3457.8187913978495,2019-11-09 03:30:00
150,5214,3457.836876344086,2019-11-09 03:30:00
151,5215,3457.8549548387095,2019-11-09 03:30:00
152,5216,3457.8730268817203,2019-11-09 03:30:00
153,5217,3457.891093548387,2019-11-09 03:30:00
154,5218,3457.909153763441,2019-11-09 03:30:00
155,5219,3457.92720860215,2019-11-09 03:30:00
156,5220,3457.9452580645157,2019-11-09 03:30:00
157,5221,3457.9633010752686,2019-11-09 03:30:00
158,5222,3457.9813376344086,2019-11-09 03:30:00
159,5223,3457.9993698924727,2019-11-09 03:30:00
160,5224,3458.017394623656,2019-11-09 03:30:00
161,5225,3458.0354150537632,2019-11-09 03:30:00
162,5226,3458.053429032258,2019-11-09 03:30:00
163,5227,3458.07143655914,2019-11-09 03:30:00
164,5228,3458.0894387096773,2019-11-09 03:30:00
165,5229,3458.1074354838706,2019-11-09 03:30:00
166,5230,3458.1254258064514,2019-11-09 03:30:00
167,5231,3458.143409677419,2019-11-09 03:30:00
168,5232,3458.161389247312,2019-11-09 03:30:00
169,5233,3458.1793623655913,2019-11-09 03:30:00
170,5234,3458.197329032258,2019-11-09 03:30:00
171,5235,3458.21529032258,2019-11-09 03:30:00
172,5236,3458.233246236559,2019-11-09 03:30:00
173,5237,3458.2511956989247,2019-11-09 03:30:00
174,5238,3458.269139784946,2019-11-09 03:30:00
175,5239,3458.287077419355,2019-11-09 03:30:00
176,5240,3458.305009677419,2019-11-09 03:30:00
177,5241,3458.3229365591396,2019-11-09 03:30:00
178,5242,3458.340856989247,2019-11-09 03:30:00
179,5243,3458.35877204301,2019-11-09 03:30:00
180,5244,3458.3766806451613,2019-11-09 03:30:00
181,5245,3458.3945838709674,2019-11-09 03:30:00
182,5246,3458.4124817204297,2019-11-09 03:30:00
183,5247,3458.4303731182795,2019-11-09 03:30:00
184,5248,3458.4482591397846,2019-11-09 03:30:00
185,5249,3458.4661397849463,2019-11-09 03:30:00
186,5250,3458.484013978494,2019-11-09 03:30:00
187,5251,3458.5018827956987,2019-11-09 03:30:00
188,5252,3458.51974516129,2019-11-09 03:30:00
189,5253,3458.537602150537,2019-11-09 03:30:00
190,5254,3458.5554537634407,2019-11-09 03:30:00
191,5255,3458.573298924731,2019-11-09 03:30:00
192,5256,3458.591138709677,2019-11-09 03:30:00
193,5257,3458.608973118279,2019-11-09 03:30:00
194,5258,3458.6268010752688,2019-11-09 03:30:00
195,5259,3458.6446236559136,2019-11-09 03:30:00
196,5260,3458.6624397849464,2019-11-09 03:30:00
197,5261,3458.6802516129032,2019-11-09 03:30:00
198,5262,3458.698055913979,2019-11-09 03:30:00
199,5263,3458.7158559139784,2019-11-09 03:30:00
200,5264,3458.7336494623655,2019-11-09 03:30:00
201,5265,3458.7514376344084,2019-11-09 03:30:00
202,5266,3458.769220430107,2019-11-09 03:30:00
203,5267,3458.786996774193,2019-11-09 03:30:00
204,5268,3458.8047677419354,2019-11-09 03:30:00
205,5269,3458.8225322580647,2019-11-09 03:30:00
206,5270,3458.84029139785,2019-11-09 03:30:00
207,5271,3458.85804516129,2019-11-09 03:30:00
208,5272,3458.875793548387,2019-11-09 03:30:00
209,5273,3458.8935354838704,2019-11-09 03:30:00
210,5274,3458.9112720430103,2019-11-09 03:30:00
211,5275,3458.9290032258064,2019-11-09 03:30:00
212,5276,3458.946727956989,2019-11-09 03:30:00
213,5277,3458.964447311828,2019-11-09 03:30:00
214,5278,3458.9821612903224,2019-11-09 03:30:00
215,5279,3458.999868817204,2019-11-09 03:30:00
216,5280,3459.0175720430107,2019-11-09 03:30:00
217,5281,3459.035267741935,2019-11-09 03:30:00
218,5282,3459.052959139785,2019-11-09 03:30:00
219,5283,3459.070644086021,2019-11-09 03:30:00
220,5284,3459.088323655914,2019-11-09 03:30:00
221,5285,3459.1059978494623,2019-11-09 03:30:00
222,5286,3459.1236655913976,2019-11-09 03:30:00
223,5287,3459.141329032258,2019-11-09 03:30:00
224,5288,3459.158986021505,2019-11-09 03:30:00
225,5289,3459.1766365591393,2019-11-09 03:30:00
226,5290,3459.1942827956987,2019-11-09 03:30:00
227,5291,3459.2119225806446,2019-11-09 03:30:00
228,5292,3459.2295559139784,2019-11-09 03:30:00
229,5293,3459.2471849462363,2019-11-09 03:30:00
230,5294,3459.264807526881,2019-11-09 03:30:00
231,5295,3459.2824247311823,2019-11-09 03:30:00
232,5296,3459.3000365591397,2019-11-09 03:30:00
233,5297,3459.3176430107524,2019-11-09 03:30:00
234,5298,3459.335243010753,2019-11-09 03:30:00
235,5299,3459.3528376344084,2019-11-09 03:30:00
236,5300,3459.37042688172,2019-11-09 03:30:00
237,5301,3459.388009677419,2019-11-09 03:30:00
238,5302,3459.4055881720424,2019-11-09 03:30:00
239,5303,3459.4231602150535,2019-11-09 03:30:00
240,5304,3459.4407258064516,2019-11-09 03:30:00
241,5305,3459.458287096774,2019-11-09 03:30:00
242,5306,3459.4758419354835,2019-11-09 03:30:00
243,5307,3459.493392473118,2019-11-09 03:30:00
244,5308,3459.5109365591397,2019-11-09 03:30:00
245,5309,3459.528474193548,2019-11-09 03:30:00
246,5310,3459.5460075268816,2019-11-09 03:30:00
247,5311,3459.563534408602,2019-11-09 03:30:00
248,5312,3459.581055913978,2019-11-09 03:30:00
249,5313,3459.598572043011,2019-11-09 03:30:00
250,5314,3459.616082795699,2019-11-09 03:30:00
251,5315,3459.633587096774,2019-11-09 03:30:00
252,5316,3459.6510860215053,2019-11-09 03:30:00
253,5317,3459.6685795698922,2019-11-09 03:30:00
254,5318,3459.686067741935,2019-11-09 03:30:00
255,5319,3459.703550537634,2019-11-09 03:30:00
256,5320,3459.7210268817203,2019-11-09 03:30:00
257,5321,3459.7384989247307,2019-11-09 03:30:00
258,5322,3459.7559645161286,2019-11-09 03:30:00
259,5323,3459.773423655914,2019-11-09 03:30:00
260,5324,3459.7908784946235,2019-11-09 03:30:00
261,5325,3459.808327956989,2019-11-09 03:30:00
262,5326,3459.825770967742,2019-11-09 03:30:00
263,5327,3459.8432086021503,2019-11-09 03:30:00
264,5328,3459.860640860215,2019-11-09 03:30:00
265,5329,3459.8780677419354,2019-11-09 03:30:00
266,5330,3459.8954892473116,2019-11-09 03:30:00
267,5331,3459.9129043010753,2019-11-09 03:30:00
268,5332,3459.930315053763,2019-11-09 03:30:00
269,5333,3459.9477193548382,2019-11-09 03:30:00
270,5334,3459.96511827957,2019-11-09 03:30:00
271,5335,3459.982511827957,2019-11-09 03:30:00
272,5336,3459.9998989247306,2019-11-09 03:30:00
273,5337,3460.01728172043,2019-11-09 03:30:00
274,5338,3460.034658064516,2019-11-09 03:30:00
275,5339,3460.0520301075267,2019-11-09 03:30:00
276,5340,3460.0693956989244,2019-11-09 03:30:00
277,5341,3460.0867559139783,2019-11-09 03:30:00
278,5342,3460.104109677419,2019-11-09 03:30:00
279,5343,3460.1214591397847,2019-11-09 03:30:00
280,5344,3460.1388032258064,2019-11-09 03:30:00
281,5345,3460.1561408602147,2019-11-09 03:30:00
282,5346,3460.1734741935484,2019-11-09 03:30:00
283,5347,3460.1908010752686,2019-11-09 03:30:00
284,5348,3460.208122580645,2019-11-09 03:30:00
285,5349,3460.2254387096773,2019-11-09 03:30:00
286,5350,3460.2427494623653,2019-11-09 03:30:00
287,5351,3460.2600537634407,2019-11-09 03:30:00
288,5352,3460.277353763441,2019-11-09 03:30:00
289,5353,3460.2946473118277,2019-11-09 03:30:00
290,5354,3460.3119365591397,2019-11-09 03:30:00
291,5355,3460.3292193548386,2019-11-09 03:30:00
292,5356,3460.346496774194,2019-11-09 03:30:00
293,5357,3460.363768817204,2019-11-09 03:30:00
294,5358,3460.381035483871,2019-11-09 03:30:00
295,5359,3460.398296774193,2019-11-09 03:30:00
296,5360,3460.415552688172,2019-11-09 03:30:00
297,5361,3460.4328032258063,2019-11-09 03:30:00
298,5362,3460.4500473118283,2019-11-09 03:30:00
299,5363,3460.4672870967743,2019-11-09 03:30:00
300,5364,3460.4845204301073,2019-11-09 03:30:00
301,5365,3460.5017494623653,2019-11-09 03:30:00
302,5366,3460.5189720430108,2019-11-09 03:30:00
303,5367,3460.5361892473115,2019-11-09 03:30:00
304,5368,3460.5534010752685,2019-11-09 03:30:00
305,5369,3460.5706075268813,2019-11-09 03:30:00
306,5370,3460.5878086021503,2019-11-09 03:30:00
307,5371,3460.605004301075,2019-11-09 03:30:00
308,5372,3460.6221946236556,2019-11-09 03:30:00
309,5373,3460.6393795698923,2019-11-09 03:30:00
310,5374,3460.656559139785,2019-11-09 03:30:00
311,5375,3460.6737322580643,2019-11-09 03:30:00
312,5376,3460.6909010752684,2019-11-09 03:30:00
313,5377,3460.708064516129,2019-11-09 03:30:00
314,5378,3460.725221505376,2019-11-09 03:30:00
315,5379,3460.7423741935477,2019-11-09 03:30:00
316,5380,3460.7595204301074,2019-11-09 03:30:00
317,5381,3460.776662365591,2019-11-09 03:30:00
318,5382,3460.793797849462,2019-11-09 03:30:00
319,5383,3460.810927956989,2019-11-09 03:30:00
320,5384,3460.8280537634405,2019-11-09 03:30:00
321,5385,3460.845173118279,2019-11-09 03:30:00
322,5386,3460.8622870967743,2019-11-09 03:30:00
323,5387,3460.879395698925,2019-11-09 03:30:00
324,5388,3460.896498924731,2019-11-09 03:30:00
325,5389,3460.9135978494623,2019-11-09 03:30:00
326,5390,3460.9306903225806,2019-11-09 03:30:00
327,5391,3460.947777419354,2019-11-09 03:30:00
328,5392,3460.964859139785,2019-11-09 03:30:00
329,5393,3460.981935483871,2019-11-09 03:30:00
330,5394,3460.999006451613,2019-11-09 03:30:00
331,5395,3461.0160720430104,2019-11-09 03:30:00
332,5396,3461.033132258064,2019-11-09 03:30:00
333,5397,3461.0501870967737,2019-11-09 03:30:00
334,5398,3461.06723655914,2019-11-09 03:30:00
335,5399,3461.08428172043,2019-11-09 03:30:00
336,5400,3461.101320430107,2019-11-09 03:30:00
337,5401,3461.118353763441,2019-11-09 03:30:00
338,5402,3461.13538172043,2019-11-09 03:30:00
339,5403,3461.152404301075,2019-11-09 03:30:00
340,5404,3461.1694215053762,2019-11-09 03:30:00
341,5405,3461.186433333333,2019-11-09 03:30:00
342,5406,3461.203439784946,2019-11-09 03:30:00
343,5407,3461.220441935484,2019-11-09 03:30:00
344,5408,3461.2374376344087,2019-11-09 03:30:00
345,5409,3461.254427956989,2019-11-09 03:30:00
346,5410,3461.2714129032256,2019-11-09 03:30:00
347,5411,3461.2883935483865,2019-11-09 03:30:00
348,5412,3461.3053677419352,2019-11-09 03:30:00
349,5413,3461.32233655914,2019-11-09 03:30:00
350,5414,3461.3393010752684,2019-11-09 03:30:00
351,5415,3461.356259139785,2019-11-09 03:30:00
352,5416,3461.3732118279568,2019-11-09 03:30:00
353,5417,3461.390160215053,2019-11-09 03:30:00
354,5418,3461.407103225806,2019-11-09 03:30:00
355,5419,3461.424039784946,2019-11-09 03:30:00
356,5420,3461.440972043011,2019-11-09 03:30:00
357,5421,3461.457898924731,2019-11-09 03:30:00
358,5422,3461.4748193548385,2019-11-09 03:30:00
359,5423,3461.4917354838713,2019-11-09 03:30:00
360,5424,3461.5086462365593,2019-11-09 03:30:00
361,5425,3461.5255516129027,2019-11-09 03:30:00
362,5426,3461.5424516129033,2019-11-09 03:30:00
363,5427,3461.559346236559,2019-11-09 03:30:00
364,5428,3461.5762354838707,2019-11-09 03:30:00
365,5429,3461.5931204301073,2019-11-09 03:30:00
366,5430,3461.609998924731,2019-11-09 03:30:00
367,5431,3461.6268720430107,2019-11-09 03:30:00
368,5432,3461.6437408602146,2019-11-09 03:30:00
369,5433,3461.6606032258064,2019-11-09 03:30:00
370,5434,3461.6774612903228,2019-11-09 03:30:00
371,5435,3461.6943139784944,2019-11-09 03:30:00
372,5436,3461.7111612903223,2019-11-09 03:30:00
373,5437,3461.7280032258063,2019-11-09 03:30:00
374,5438,3461.744839784946,2019-11-09 03:30:00
375,5439,3461.761670967742,2019-11-09 03:30:00
376,5440,3461.778496774193,2019-11-09 03:30:00
377,5441,3461.795317204301,2019-11-09 03:30:00
378,5442,3461.812133333333,2019-11-09 03:30:00
379,5443,3461.828943010753,2019-11-09 03:30:00
380,5444,3461.845748387097,2019-11-09 03:30:00
381,5445,3461.8625473118277,2019-11-09 03:30:00
382,5446,3461.8793419354834,2019-11-09 03:30:00
383,5447,3461.896131182795,2019-11-09 03:30:00
384,5448,3461.912915053763,2019-11-09 03:30:00
385,5449,3461.9296946236555,2019-11-09 03:30:00
386,5450,3461.946467741935,2019-11-09 03:30:00
387,5451,3461.963235483871,2019-11-09 03:30:00
388,5452,3461.979998924731,2019-11-09 03:30:00
389,5453,3461.9967569892474,2019-11-09 03:30:00
390,5454,3462.0135096774193,2019-11-09 03:30:00
391,5455,3462.030256989247,2019-11-09 03:30:00
392,5456,3462.046998924731,2019-11-09 03:30:00
393,5457,3462.063735483871,2019-11-09 03:30:00
394,5458,3462.0804666666663,2019-11-09 03:30:00
395,5459,3462.0971935483867,2019-11-09 03:30:00
396,5460,3462.113913978494,2019-11-09 03:30:00
397,5461,3462.1306301075265,2019-11-09 03:30:00
398,5462,3462.147340860215,2019-11-09 03:30:00
399,5463,3462.164046236559,2019-11-09 03:30:00
400,5464,3462.1807473118274,2019-11-09 03:30:00
401,5465,3462.1974419354838,2019-11-09 03:30:00
402,5466,3462.2141322580646,2019-11-09 03:30:00
403,5467,3462.230817204301,2019-11-09 03:30:00
404,5468,3462.247496774193,2019-11-09 03:30:00
405,5469,3462.264170967742,2019-11-09 03:30:00
406,5470,3462.280839784946,2019-11-09 03:30:00
407,5471,3462.2975032258064,2019-11-09 03:30:00
408,5472,3462.314162365591,2019-11-09 03:30:00
409,5473,3462.330816129032,2019-11-09 03:30:00
410,5474,3462.347464516129,2019-11-09 03:30:00
411,5475,3462.3641075268815,2019-11-09 03:30:00
412,5476,3462.3807451612897,2019-11-09 03:30:00
413,5477,3462.397378494624,2019-11-09 03:30:00
414,5478,3462.414005376344,2019-11-09 03:30:00
415,5479,3462.430627956989,2019-11-09 03:30:00
416,5480,3462.44724516129,2019-11-09 03:30:00
417,5481,3462.4638580645155,2019-11-09 03:30:00
418,5482,3462.480464516129,2019-11-09 03:30:00
419,5483,3462.4970666666663,2019-11-09 03:30:00
420,5484,3462.51366344086,2019-11-09 03:30:00
421,5485,3462.53025483871,2019-11-09 03:30:00
422,5486,3462.546840860215,2019-11-09 03:30:00
423,5487,3462.563422580645,2019-11-09 03:30:00
424,5488,3462.5799978494624,2019-11-09 03:30:00
425,5489,3462.596568817204,2019-11-09 03:30:00
426,5490,3462.613134408602,2019-11-09 03:30:00
427,5491,3462.6296956989245,2019-11-09 03:30:00
428,5492,3462.646250537634,2019-11-09 03:30:00
429,5493,3462.662801075269,2019-11-09 03:30:00
430,5494,3462.679346236559,2019-11-09 03:30:00
431,5495,3462.6958860215054,2019-11-09 03:30:00
432,5496,3462.7124215053764,2019-11-09 03:30:00
433,5497,3462.7289505376343,2019-11-09 03:30:00
434,5498,3462.7454752688172,2019-11-09 03:30:00
435,5499,3462.7619956989242,2019-11-09 03:30:00
436,5500,3462.7785096774196,2019-11-09 03:30:00
437,5501,3462.7950193548386,2019-11-09 03:30:00
438,5502,3462.811522580645,2019-11-09 03:30:00
439,5503,3462.828022580645,2019-11-09 03:30:00
440,5504,3462.844516129032,2019-11-09 03:30:00
441,5505,3462.861005376344,2019-11-09 03:30:00
442,5506,3462.877488172043,2019-11-09 03:30:00
443,5507,3462.893967741935,2019-11-09 03:30:00
444,5508,3462.910440860215,2019-11-09 03:30:00
445,5509,3462.926909677419,2019-11-09 03:30:00
446,5510,3462.9433720430106,2019-11-09 03:30:00
447,5511,3462.9598311827954,2019-11-09 03:30:00
448,5512,3462.976283870968,2019-11-09 03:30:00
449,5513,3462.9927322580643,2019-11-09 03:30:00
450,5514,3463.0091752688168,2019-11-09 03:30:00
451,5515,3463.0256129032255,2019-11-09 03:30:00
452,5516,3463.04204516129,2019-11-09 03:30:00
453,5517,3463.0584731182794,2019-11-09 03:30:00
454,5518,3463.0748956989246,2019-11-09 03:30:00
455,5519,3463.0913139784943,2019-11-09 03:30:00
456,5520,3463.1077258064515,2019-11-09 03:30:00
457,5521,3463.1241333333332,2019-11-09 03:30:00
458,5522,3463.1405354838707,2019-11-09 03:30:00
459,5523,3463.156933333333,2019-11-09 03:30:00
460,5524,3463.1733258064514,2019-11-09 03:30:00
461,5525,3463.1897129032254,2019-11-09 03:30:00
462,5526,3463.2060946236556,2019-11-09 03:30:00
463,5527,3463.2224720430104,2019-11-09 03:30:00
464,5528,3463.2388440860213,2019-11-09 03:30:00
465,5529,3463.255210752688,2019-11-09 03:30:00
466,5530,3463.271572043011,2019-11-09 03:30:00
467,5531,3463.287929032258,2019-11-09 03:30:00
468,5532,3463.3042806451613,2019-11-09 03:30:00
469,5533,3463.320627956989,2019-11-09 03:30:00
470,5534,3463.336969892473,2019-11-09 03:30:00
471,5535,3463.3533064516128,2019-11-09 03:30:00
472,5536,3463.3696376344083,2019-11-09 03:30:00
473,5537,3463.3859645161288,2019-11-09 03:30:00
474,5538,3463.4022860215055,2019-11-09 03:30:00
475,5539,3463.4186032258067,2019-11-09 03:30:00
476,5540,3463.4349139784945,2019-11-09 03:30:00
477,5541,3463.4512204301077,2019-11-09 03:30:00
478,5542,3463.467522580645,2019-11-09 03:30:00
479,5543,3463.4838182795697,2019-11-09 03:30:00
480,5544,3463.500109677419,2019-11-09 03:30:00
481,5545,3463.5163967741933,2019-11-09 03:30:00
482,5546,3463.5326784946237,2019-11-09 03:30:00
483,5547,3463.5489548387095,2019-11-09 03:30:00
484,5548,3463.5652258064515,2019-11-09 03:30:00
485,5549,3463.581492473118,2019-11-09 03:30:00
486,5550,3463.597753763441,2019-11-09 03:30:00
487,5551,3463.614009677419,2019-11-09 03:30:00
488,5552,3463.6302612903223,2019-11-09 03:30:00
489,5553,3463.6465075268816,2019-11-09 03:30:00
490,5554,3463.6627494623654,2019-11-09 03:30:00
491,5555,3463.6789860215054,2019-11-09 03:30:00
492,5556,3463.6952172043007,2019-11-09 03:30:00
493,5557,3463.7114440860214,2019-11-09 03:30:00
494,5558,3463.7276655913975,2019-11-09 03:30:00
495,5559,3463.7438817204297,2019-11-09 03:30:00
496,5560,3463.760093548387,2019-11-09 03:30:00
497,5561,3463.7763,2019-11-09 03:30:00
498,5562,3463.7925010752692,2019-11-09 03:30:00
499,5563,3463.8086978494625,2019-11-09 03:30:00
500,5564,3463.824889247311,2019-11-09 03:30:00
501,5565,3463.841076344086,2019-11-09 03:30:00
502,5566,3463.8572580645164,2019-11-09 03:30:00
503,5567,3463.873434408602,2019-11-09 03:30:00
504,5568,3463.889606451613,2019-11-09 03:30:00
505,5569,3463.9057731182793,2019-11-09 03:30:00
506,5570,3463.9219354838706,2019-11-09 03:30:00
507,5571,3463.938092473118,2019-11-09 03:30:00
508,5572,3463.954244086021,2019-11-09 03:30:00
509,5573,3463.970391397849,2019-11-09 03:30:00
510,5574,3463.986533333333,2019-11-09 03:30:00
511,5575,3464.0026698924726,2019-11-09 03:30:00
512,5576,3464.0188021505373,2019-11-09 03:30:00
513,5577,3464.034929032258,2019-11-09 03:30:00
514,5578,3464.051051612903,2019-11-09 03:30:00
515,5579,3464.067168817204,2019-11-09 03:30:00
516,5580,3464.08328172043,2019-11-09 03:30:00
517,5581,3464.0993892473116,2019-11-09 03:30:00
518,5582,3464.1154913978494,2019-11-09 03:30:00
519,5583,3464.1315892473117,2019-11-09 03:30:00
520,5584,3464.1476817204302,2019-11-09 03:30:00
521,5585,3464.163769892473,2019-11-09 03:30:00
522,5586,3464.1798526881716,2019-11-09 03:30:00
523,5587,3464.1959311827954,2019-11-09 03:30:00
524,5588,3464.212004301075,2019-11-09 03:30:00
525,5589,3464.2280720430103,2019-11-09 03:30:00
526,5590,3464.2441354838707,2019-11-09 03:30:00
527,5591,3464.260193548387,2019-11-09 03:30:00
528,5592,3464.276247311828,2019-11-09 03:30:00
529,5593,3464.2922956989246,2019-11-09 03:30:00
530,5594,3464.308338709677,2019-11-09 03:30:00
531,5595,3464.3243784946235,2019-11-09 03:30:00
532,5596,3464.3404118279564,2019-11-09 03:30:00
533,5597,3464.3564408602147,2019-11-09 03:30:00
534,5598,3464.372464516129,2019-11-09 03:30:00
535,5599,3464.3884838709673,2019-11-09 03:30:00
536,5600,3464.404497849462,2019-11-09 03:30:00
537,5601,3464.4205075268815,2019-11-09 03:30:00
538,5602,3464.436511827957,2019-11-09 03:30:00
539,5603,3464.4525118279566,2019-11-09 03:30:00
540,5604,3464.468506451613,2019-11-09 03:30:00
541,5605,3464.4844967741933,2019-11-09 03:30:00
542,5606,3464.50048172043,2019-11-09 03:30:00
543,5607,3464.5164612903222,2019-11-09 03:30:00
544,5608,3464.5324365591396,2019-11-09 03:30:00
545,5609,3464.548407526882,2019-11-09 03:30:00
546,5610,3464.5643731182795,2019-11-09 03:30:00
547,5611,3464.5803333333333,2019-11-09 03:30:00
548,5612,3464.5962892473117,2019-11-09 03:30:00
549,5613,3464.6122408602146,2019-11-09 03:30:00
550,5614,3464.6281860215054,2019-11-09 03:30:00
551,5615,3464.6441279569895,2019-11-09 03:30:00
552,5616,3464.6600645161293,2019-11-09 03:30:00
553,5617,3464.675995698925,2019-11-09 03:30:00
554,5618,3464.6919225806446,2019-11-09 03:30:00
555,5619,3464.707844086021,2019-11-09 03:30:00
556,5620,3464.7237612903227,2019-11-09 03:30:00
557,5621,3464.7396731182794,2019-11-09 03:30:00
558,5622,3464.755580645161,2019-11-09 03:30:00
559,5623,3464.7714838709676,2019-11-09 03:30:00
560,5624,3464.787380645161,2019-11-09 03:30:00
561,5625,3464.803274193548,2019-11-09 03:30:00
562,5626,3464.819162365591,2019-11-09 03:30:00
563,5627,3464.8350451612905,2019-11-09 03:30:00
564,5628,3464.8509236559134,2019-11-09 03:30:00
565,5629,3464.8667967741935,2019-11-09 03:30:00
566,5630,3464.8826655913977,2019-11-09 03:30:00
567,5631,3464.8985301075263,2019-11-09 03:30:00
568,5632,3464.9143892473116,2019-11-09 03:30:00
569,5633,3464.9302430107527,2019-11-09 03:30:00
570,5634,3464.9460924731184,2019-11-09 03:30:00
571,5635,3464.961937634408,2019-11-09 03:30:00
572,5636,3464.977777419355,2019-11-09 03:30:00
573,5637,3464.9936129032258,2019-11-09 03:30:00
574,5638,3465.009443010753,2019-11-09 03:30:00
575,5639,3465.025267741935,2019-11-09 03:30:00
576,5640,3465.041089247312,2019-11-09 03:30:00
577,5641,3465.0569043010755,2019-11-09 03:30:00
578,5642,3465.0727161290324,2019-11-09 03:30:00
579,5643,3465.088522580645,2019-11-09 03:30:00
580,5644,3465.104323655914,2019-11-09 03:30:00
581,5645,3465.1201204301074,2019-11-09 03:30:00
582,5646,3465.1359129032257,2019-11-09 03:30:00
583,5647,3465.1517,2019-11-09 03:30:00
584,5648,3465.16748172043,2019-11-09 03:30:00
585,5649,3465.1832591397847,2019-11-09 03:30:00
586,5650,3465.199032258064,2019-11-09 03:30:00
587,5651,3465.2148010752685,2019-11-09 03:30:00
588,5652,3465.23056344086,2019-11-09 03:30:00
589,5653,3465.246322580645,2019-11-09 03:30:00
590,5654,3465.2620763440855,2019-11-09 03:30:00
591,5655,3465.2778247311826,2019-11-09 03:30:00
592,5656,3465.293569892473,2019-11-09 03:30:00
593,5657,3465.3093086021504,2019-11-09 03:30:00
594,5658,3465.3250440860215,2019-11-09 03:30:00
595,5659,3465.3407741935484,2019-11-09 03:30:00
596,5660,3465.356498924731,2019-11-09 03:30:00
597,5661,3465.3722193548383,2019-11-09 03:30:00
598,5662,3465.387935483871,2019-11-09 03:30:00
599,5663,3465.403646236559,2019-11-09 03:30:00
600,5664,3465.419352688172,2019-11-09 03:30:00
601,5665,3465.435053763441,2019-11-09 03:30:00
602,5666,3465.450750537634,2019-11-09 03:30:00
603,5667,3465.4664430107528,2019-11-09 03:30:00
604,5668,3465.4821301075267,2019-11-09 03:30:00
605,5669,3465.4978129032256,2019-11-09 03:30:00
606,5670,3465.5134903225803,2019-11-09 03:30:00
607,5671,3465.52916344086,2019-11-09 03:30:00
608,5672,3465.544832258064,2019-11-09 03:30:00
609,5673,3465.5604956989246,2019-11-09 03:30:00
610,5674,3465.5761548387095,2019-11-09 03:30:00
611,5675,3465.5918086021506,2019-11-09 03:30:00
612,5676,3465.607458064516,2019-11-09 03:30:00
613,5677,3465.623103225806,2019-11-09 03:30:00
614,5678,3465.6387430107525,2019-11-09 03:30:00
615,5679,3465.6543784946234,2019-11-09 03:30:00
616,5680,3465.6700086021506,2019-11-09 03:30:00
617,5681,3465.685635483871,2019-11-09 03:30:00
618,5682,3465.701255913978,2019-11-09 03:30:00
619,5683,3465.7168731182796,2019-11-09 03:30:00
620,5684,3465.732484946236,2019-11-09 03:30:00
621,5685,3465.7480913978493,2019-11-09 03:30:00
622,5686,3465.7636946236553,2019-11-09 03:30:00
623,5687,3465.7792924731184,2019-11-09 03:30:00
624,5688,3465.7948849462364,2019-11-09 03:30:00
625,5689,3465.8104731182793,2019-11-09 03:30:00
626,5690,3465.826056989247,2019-11-09 03:30:00
627,5691,3465.8416365591393,2019-11-09 03:30:00
628,5692,3465.857210752688,2019-11-09 03:30:00
629,5693,3465.872780645161,2019-11-09 03:30:00
630,5694,3465.88834516129,2019-11-09 03:30:00
631,5695,3465.903905376344,2019-11-09 03:30:00
632,5696,3465.919461290322,2019-11-09 03:30:00
633,5697,3465.9350118279567,2019-11-09 03:30:00
634,5698,3465.9505580645164,2019-11-09 03:30:00
635,5699,3465.9660999999996,2019-11-09 03:30:00
636,5700,3465.9816365591396,2019-11-09 03:30:00
637,5701,3465.997168817204,2019-11-09 03:30:00
638,5702,3466.012696774193,2019-11-09 03:30:00
639,5703,3466.0282193548387,2019-11-09 03:30:00
640,5704,3466.0437376344084,2019-11-09 03:30:00
641,5705,3466.059251612903,2019-11-09 03:30:00
642,5706,3466.074760215053,2019-11-09 03:30:00
643,5707,3466.090264516129,2019-11-09 03:30:00
644,5708,3466.1057645161286,2019-11-09 03:30:00
645,5709,3466.1212602150536,2019-11-09 03:30:00
646,5710,3466.1367505376347,2019-11-09 03:30:00
647,5711,3466.1522354838703,2019-11-09 03:30:00
648,5712,3466.167717204301,2019-11-09 03:30:00
649,5713,3466.183193548387,2019-11-09 03:30:00
650,5714,3466.1986655913975,2019-11-09 03:30:00
651,5715,3466.214132258064,2019-11-09 03:30:00
652,5716,3466.229594623656,2019-11-09 03:30:00
653,5717,3466.2450526881717,2019-11-09 03:30:00
654,5718,3466.260506451613,2019-11-09 03:30:00
655,5719,3466.2759548387094,2019-11-09 03:30:00
656,5720,3466.2913989247313,2019-11-09 03:30:00
657,5721,3466.3068387096773,2019-11-09 03:30:00
658,5722,3466.322273118279,2019-11-09 03:30:00
659,5723,3466.3377043010746,2019-11-09 03:30:00
660,5724,3466.353129032258,2019-11-09 03:30:00
661,5725,3466.3685505376343,2019-11-09 03:30:00
662,5726,3466.3839666666668,2019-11-09 03:30:00
663,5727,3466.3993784946233,2019-11-09 03:30:00
664,5728,3466.4147860215057,2019-11-09 03:30:00
665,5729,3466.430188172043,2019-11-09 03:30:00
666,5730,3466.4455860215053,2019-11-09 03:30:00
667,5731,3466.4609795698925,2019-11-09 03:30:00
668,5732,3466.476368817204,2019-11-09 03:30:00
669,5733,3466.4917526881723,2019-11-09 03:30:00
670,5734,3466.5071322580643,2019-11-09 03:30:00
671,5735,3466.522507526882,2019-11-09 03:30:00
672,5736,3466.537877419355,2019-11-09 03:30:00
673,5737,3466.5532440860216,2019-11-09 03:30:00
674,5738,3466.5686053763443,2019-11-09 03:30:00
675,5739,3466.5839612903223,2019-11-09 03:30:00
676,5740,3466.5993139784946,2019-11-09 03:30:00
677,5741,3466.6146612903226,2019-11-09 03:30:00
678,5742,3466.630004301075,2019-11-09 03:30:00
679,5743,3466.645341935484,2019-11-09 03:30:00
680,5744,3466.6606763440855,2019-11-09 03:30:00
681,5745,3466.676005376344,2019-11-09 03:30:00
682,5746,3466.691330107527,2019-11-09 03:30:00
683,5747,3466.7066505376342,2019-11-09 03:30:00
684,5748,3466.7219655913977,2019-11-09 03:30:00
685,5749,3466.7372763440862,2019-11-09 03:30:00
686,5750,3466.752582795699,2019-11-09 03:30:00
687,5751,3466.767884946236,2019-11-09 03:30:00
688,5752,3466.7831817204296,2019-11-09 03:30:00
689,5753,3466.798475268817,2019-11-09 03:30:00
690,5754,3466.8137634408604,2019-11-09 03:30:00
691,5755,3466.8290462365585,2019-11-09 03:30:00
692,5756,3466.8443258064513,2019-11-09 03:30:00
693,5757,3466.8596,2019-11-09 03:30:00
694,5758,3466.874869892473,2019-11-09 03:30:00
695,5759,3466.8901354838713,2019-11-09 03:30:00
696,5760,3466.905396774194,2019-11-09 03:30:00
697,5761,3466.9206526881717,2019-11-09 03:30:00
698,5762,3466.935904301075,2019-11-09 03:30:00
699,5763,3466.9511516129032,2019-11-09 03:30:00
700,5764,3466.9663946236556,2019-11-09 03:30:00
701,5765,3466.9816333333333,2019-11-09 03:30:00
702,5766,3466.9968666666664,2019-11-09 03:30:00
703,5767,3467.012095698924,2019-11-09 03:30:00
704,5768,3467.0273204301075,2019-11-09 03:30:00
705,5769,3467.0425408602146,2019-11-09 03:30:00
706,5770,3467.057756989247,2019-11-09 03:30:00
707,5771,3467.0729677419354,2019-11-09 03:30:00
708,5772,3467.088174193548,2019-11-09 03:30:00
709,5773,3467.103376344086,2019-11-09 03:30:00
710,5774,3467.1185741935483,2019-11-09 03:30:00
711,5775,3467.133766666667,2019-11-09 03:30:00
712,5776,3467.148955913978,2019-11-09 03:30:00
713,5777,3467.164139784946,2019-11-09 03:30:00
714,5778,3467.1793193548388,2019-11-09 03:30:00
715,5779,3467.194494623656,2019-11-09 03:30:00
716,5780,3467.2096645161287,2019-11-09 03:30:00
717,5781,3467.2248311827952,2019-11-09 03:30:00
718,5782,3467.239992473118,2019-11-09 03:30:00
719,5783,3467.2551494623654,2019-11-09 03:30:00
720,5784,3467.2703021505376,2019-11-09 03:30:00
721,5785,3467.2854505376345,2019-11-09 03:30:00
722,5786,3467.300593548387,2019-11-09 03:30:00
723,5787,3467.315733333333,2019-11-09 03:30:00
724,5788,3467.330867741935,2019-11-09 03:30:00
725,5789,3467.345997849462,2019-11-09 03:30:00
726,5790,3467.3611236559136,2019-11-09 03:30:00
727,5791,3467.3762451612897,2019-11-09 03:30:00
728,5792,3467.391361290322,2019-11-09 03:30:00
729,5793,3467.406474193548,2019-11-09 03:30:00
730,5794,3467.42158172043,2019-11-09 03:30:00
731,5795,3467.4366849462367,2019-11-09 03:30:00
732,5796,3467.4517838709676,2019-11-09 03:30:00
733,5797,3467.4668784946234,2019-11-09 03:30:00
734,5798,3467.481967741935,2019-11-09 03:30:00
735,5799,3467.497053763441,2019-11-09 03:30:00
736,5800,3467.512134408602,2019-11-09 03:30:00
737,5801,3467.5272118279568,2019-11-09 03:30:00
738,5802,3467.5422838709674,2019-11-09 03:30:00
739,5803,3467.557351612903,2019-11-09 03:30:00
740,5804,3467.5724139784943,2019-11-09 03:30:00
741,5805,3467.5874731182794,2019-11-09 03:30:00
742,5806,3467.602527956989,2019-11-09 03:30:00
743,5807,3467.6175774193543,2019-11-09 03:30:00
744,5808,3467.6326225806447,2019-11-09 03:30:00
745,5809,3467.64766344086,2019-11-09 03:30:00
746,5810,3467.6626999999994,2019-11-09 03:30:00
747,5811,3467.677732258064,2019-11-09 03:30:00
748,5812,3467.6927602150536,2019-11-09 03:30:00
749,5813,3467.707783870968,2019-11-09 03:30:00
750,5814,3467.722802150537,2019-11-09 03:30:00
751,5815,3467.737817204301,2019-11-09 03:30:00
752,5816,3467.75282688172,2019-11-09 03:30:00
753,5817,3467.7678322580646,2019-11-09 03:30:00
754,5818,3467.782833333333,2019-11-09 03:30:00
755,5819,3467.797830107527,2019-11-09 03:30:00
756,5820,3467.812822580645,2019-11-09 03:30:00
757,5821,3467.8278107526885,2019-11-09 03:30:00
758,5822,3467.842793548387,2019-11-09 03:30:00
759,5823,3467.857773118279,2019-11-09 03:30:00
760,5824,3467.872747311828,2019-11-09 03:30:00
761,5825,3467.8877182795695,2019-11-09 03:30:00
762,5826,3467.9026838709674,2019-11-09 03:30:00
763,5827,3467.9176451612902,2019-11-09 03:30:00
764,5828,3467.932602150537,2019-11-09 03:30:00
765,5829,3467.94755483871,2019-11-09 03:30:00
766,5830,3467.9625032258064,2019-11-09 03:30:00
767,5831,3467.977447311828,2019-11-09 03:30:00
768,5832,3467.992387096774,2019-11-09 03:30:00
769,5833,3468.0073215053762,2019-11-09 03:30:00
770,5834,3468.0222526881716,2019-11-09 03:30:00
771,5835,3468.0371784946237,2019-11-09 03:30:00
772,5836,3468.0521010752686,2019-11-09 03:30:00
773,5837,3468.0670182795698,2019-11-09 03:30:00
774,5838,3468.081931182796,2019-11-09 03:30:00
775,5839,3468.096839784946,2019-11-09 03:30:00
776,5840,3468.111744086021,2019-11-09 03:30:00
777,5841,3468.1266440860213,2019-11-09 03:30:00
778,5842,3468.141539784946,2019-11-09 03:30:00
779,5843,3468.156431182795,2019-11-09 03:30:00
780,5844,3468.1713182795697,2019-11-09 03:30:00
781,5845,3468.186201075269,2019-11-09 03:30:00
782,5846,3468.2010795698925,2019-11-09 03:30:00
783,5847,3468.2159526881715,2019-11-09 03:30:00
784,5848,3468.2308225806446,2019-11-09 03:30:00
785,5849,3468.245687096774,2019-11-09 03:30:00
786,5850,3468.260548387097,2019-11-09 03:30:00
787,5851,3468.275404301075,2019-11-09 03:30:00
788,5852,3468.290256989247,2019-11-09 03:30:00
789,5853,3468.3051043010746,2019-11-09 03:30:00
790,5854,3468.319947311828,2019-11-09 03:30:00
791,5855,3468.3347860215054,2019-11-09 03:30:00
792,5856,3468.3496215053765,2019-11-09 03:30:00
793,5857,3468.364451612903,2019-11-09 03:30:00
794,5858,3468.379277419355,2019-11-09 03:30:00
795,5859,3468.394098924731,2019-11-09 03:30:00
796,5860,3468.408916129032,2019-11-09 03:30:00
797,5861,3468.4237290322576,2019-11-09 03:30:00
798,5862,3468.438537634408,2019-11-09 03:30:00
799,5863,3468.4533419354834,2019-11-09 03:30:00
800,5864,3468.4681419354833,2019-11-09 03:30:00
801,5865,3468.4829376344082,2019-11-09 03:30:00
802,5866,3468.4977290322577,2019-11-09 03:30:00
803,5867,3468.5125161290316,2019-11-09 03:30:00
804,5868,3468.5272978494622,2019-11-09 03:30:00
805,5869,3468.5420763440857,2019-11-09 03:30:00
806,5870,3468.5568505376345,2019-11-09 03:30:00
807,5871,3468.5716204301075,2019-11-09 03:30:00
808,5872,3468.5863860215054,2019-11-09 03:30:00
809,5873,3468.601146236559,2019-11-09 03:30:00
810,5874,3468.615903225806,2019-11-09 03:30:00
811,5875,3468.6306559139784,2019-11-09 03:30:00
812,5876,3468.6454043010754,2019-11-09 03:30:00
813,5877,3468.660147311828,2019-11-09 03:30:00
814,5878,3468.674887096774,2019-11-09 03:30:00
815,5879,3468.689622580645,2019-11-09 03:30:00
816,5880,3468.7043537634404,2019-11-09 03:30:00
817,5881,3468.7190795698925,2019-11-09 03:30:00
818,5882,3468.7338021505375,2019-11-09 03:30:00
819,5883,3468.748520430107,2019-11-09 03:30:00
820,5884,3468.763234408602,2019-11-09 03:30:00
821,5885,3468.7779430107526,2019-11-09 03:30:00
822,5886,3468.7926483870965,2019-11-09 03:30:00
823,5887,3468.8073494623654,2019-11-09 03:30:00
824,5888,3468.822046236559,2019-11-09 03:30:00
825,5889,3468.8367387096773,2019-11-09 03:30:00
826,5890,3468.851425806452,2019-11-09 03:30:00
827,5891,3468.866109677419,2019-11-09 03:30:00
828,5892,3468.880789247312,2019-11-09 03:30:00
829,5893,3468.895464516129,2019-11-09 03:30:00
830,5894,3468.9101354838713,2019-11-09 03:30:00
831,5895,3468.9248021505373,2019-11-09 03:30:00
832,5896,3468.9394645161287,2019-11-09 03:30:00
833,5897,3468.9541225806447,2019-11-09 03:30:00
834,5898,3468.9687763440857,2019-11-09 03:30:00
835,5899,3468.9834258064516,2019-11-09 03:30:00
836,5900,3468.9980709677416,2019-11-09 03:30:00
837,5901,3469.0127129032253,2019-11-09 03:30:00
838,5902,3469.0273494623657,2019-11-09 03:30:00
839,5903,3469.0419817204297,2019-11-09 03:30:00
840,5904,3469.056609677419,2019-11-09 03:30:00
841,5905,3469.0712344086023,2019-11-09 03:30:00
842,5906,3469.085853763441,2019-11-09 03:30:00
843,5907,3469.100469892473,2019-11-09 03:30:00
844,5908,3469.115080645161,2019-11-09 03:30:00
845,5909,3469.1296881720427,2019-11-09 03:30:00
846,5910,3469.14429032258,2019-11-09 03:30:00
847,5911,3469.1588892473114,2019-11-09 03:30:00
848,5912,3469.173483870967,2019-11-09 03:30:00
849,5913,3469.1880731182796,2019-11-09 03:30:00
850,5914,3469.202659139785,2019-11-09 03:30:00
851,5915,3469.217240860215,2019-11-09 03:30:00
852,5916,3469.23181827957,2019-11-09 03:30:00
853,5917,3469.246391397849,2019-11-09 03:30:00
854,5918,3469.2609602150533,2019-11-09 03:30:00
855,5919,3469.2755258064512,2019-11-09 03:30:00
856,5920,3469.2900860215054,2019-11-09 03:30:00
857,5921,3469.3046419354837,2019-11-09 03:30:00
858,5922,3469.319193548387,2019-11-09 03:30:00
859,5923,3469.3337419354834,2019-11-09 03:30:00
860,5924,3469.348286021505,2019-11-09 03:30:00
861,5925,3469.3628247311826,2019-11-09 03:30:00
862,5926,3469.377360215053,2019-11-09 03:30:00
863,5927,3469.391891397849,2019-11-09 03:30:00
864,5928,3469.40641827957,2019-11-09 03:30:00
865,5929,3469.420940860215,2019-11-09 03:30:00
866,5930,3469.4354591397846,2019-11-09 03:30:00
867,5931,3469.4499731182796,2019-11-09 03:30:00
868,5932,3469.464482795699,2019-11-09 03:30:00
869,5933,3469.478988172043,2019-11-09 03:30:00
870,5934,3469.493490322581,2019-11-09 03:30:00
871,5935,3469.5079870967743,2019-11-09 03:30:00
872,5936,3469.522480645161,2019-11-09 03:30:00
873,5937,3469.536969892473,2019-11-09 03:30:00
874,5938,3469.5514548387096,2019-11-09 03:30:00
875,5939,3469.565935483871,2019-11-09 03:30:00
876,5940,3469.5804118279566,2019-11-09 03:30:00
877,5941,3469.594883870968,2019-11-09 03:30:00
878,5942,3469.6093516129026,2019-11-09 03:30:00
879,5943,3469.6238150537633,2019-11-09 03:30:00
880,5944,3469.6382752688173,2019-11-09 03:30:00
881,5945,3469.6527311827954,2019-11-09 03:30:00
882,5946,3469.6671817204297,2019-11-09 03:30:00
883,5947,3469.6816290322577,2019-11-09 03:30:00
884,5948,3469.69607204301,2019-11-09 03:30:00
885,5949,3469.7105107526877,2019-11-09 03:30:00
886,5950,3469.7249451612897,2019-11-09 03:30:00
887,5951,3469.7393763440855,2019-11-09 03:30:00
888,5952,3469.7538021505375,2019-11-09 03:30:00
889,5953,3469.7682247311823,2019-11-09 03:30:00
890,5954,3469.7826430107525,2019-11-09 03:30:00
891,5955,3469.7970569892473,2019-11-09 03:30:00
892,5956,3469.8114666666665,2019-11-09 03:30:00
893,5957,3469.8258720430103,2019-11-09 03:30:00
894,5958,3469.8402731182796,2019-11-09 03:30:00
895,5959,3469.854669892473,2019-11-09 03:30:00
896,5960,3469.86906344086,2019-11-09 03:30:00
897,5961,3469.883452688172,2019-11-09 03:30:00
898,5962,3469.8978365591393,2019-11-09 03:30:00
899,5963,3469.912217204301,2019-11-09 03:30:00
900,5964,3469.9265946236555,2019-11-09 03:30:00
901,5965,3469.9409666666666,2019-11-09 03:30:00
902,5966,3469.955334408602,2019-11-09 03:30:00
903,5967,3469.9696989247313,2019-11-09 03:30:00
904,5968,3469.984059139785,2019-11-09 03:30:00
905,5969,3469.9984150537634,2019-11-09 03:30:00
906,5970,3470.0127666666663,2019-11-09 03:30:00
907,5971,3470.0271139784945,2019-11-09 03:30:00
908,5972,3470.0414569892473,2019-11-09 03:30:00
909,5973,3470.0557967741934,2019-11-09 03:30:00
910,5974,3470.0701311827956,2019-11-09 03:30:00
911,5975,3470.084462365591,2019-11-09 03:30:00
912,5976,3470.0987892473113,2019-11-09 03:30:00
913,5977,3470.1131129032256,2019-11-09 03:30:00
914,5978,3470.1274311827956,2019-11-09 03:30:00
915,5979,3470.141746236559,2019-11-09 03:30:00
916,5980,3470.1560559139784,2019-11-09 03:30:00
917,5981,3470.1703623655912,2019-11-09 03:30:00
918,5982,3470.1846645161286,2019-11-09 03:30:00
919,5983,3470.1989634408596,2019-11-09 03:30:00
920,5984,3470.213256989247,2019-11-09 03:30:00
921,5985,3470.227547311828,2019-11-09 03:30:00
922,5986,3470.241833333333,2019-11-09 03:30:00
923,5987,3470.2561150537636,2019-11-09 03:30:00
924,5988,3470.2703924731177,2019-11-09 03:30:00
925,5989,3470.2846655913977,2019-11-09 03:30:00
926,5990,3470.298935483871,2019-11-09 03:30:00
927,5991,3470.313201075269,2019-11-09 03:30:00
928,5992,3470.3274612903224,2019-11-09 03:30:00
929,5993,3470.3417193548385,2019-11-09 03:30:00
930,5994,3470.3559720430108,2019-11-09 03:30:00
931,5995,3470.370221505376,2019-11-09 03:30:00
932,5996,3470.3844655913977,2019-11-09 03:30:00
933,5997,3470.3987064516127,2019-11-09 03:30:00
934,5998,3470.4129440860215,2019-11-09 03:30:00
935,5999,3470.4271763440856,2019-11-09 03:30:00
936,6000,3470.441405376344,2019-11-09 03:30:00
937,6001,3470.455629032258,2019-11-09 03:30:00
938,6002,3470.469849462366,2019-11-09 03:30:00
939,6003,3470.4840666666664,2019-11-09 03:30:00
940,6004,3470.4982784946233,2019-11-09 03:30:00
941,6005,3470.512487096774,2019-11-09 03:30:00
942,6006,3470.5266913978494,2019-11-09 03:30:00
943,6007,3470.540891397849,2019-11-09 03:30:00
944,6008,3470.555087096774,2019-11-09 03:30:00
945,6009,3470.5692795698924,2019-11-09 03:30:00
946,6010,3470.583466666666,2019-11-09 03:30:00
947,6011,3470.5976505376343,2019-11-09 03:30:00
948,6012,3470.6118311827954,2019-11-09 03:30:00
949,6013,3470.6260064516127,2019-11-09 03:30:00
950,6014,3470.6401784946233,2019-11-09 03:30:00
951,6015,3470.6543462365594,2019-11-09 03:30:00
952,6016,3470.6685096774195,2019-11-09 03:30:00
953,6017,3470.6826688172046,2019-11-09 03:30:00
954,6018,3470.6968247311825,2019-11-09 03:30:00
955,6019,3470.710976344086,2019-11-09 03:30:00
956,6020,3470.7251236559136,2019-11-09 03:30:00
957,6021,3470.7392666666665,2019-11-09 03:30:00
958,6022,3470.7534064516126,2019-11-09 03:30:00
959,6023,3470.7675419354837,2019-11-09 03:30:00
960,6024,3470.7816731182793,2019-11-09 03:30:00
961,6025,3470.7958,2019-11-09 03:30:00
962,6026,3470.8099236559137,2019-11-09 03:30:00
963,6027,3470.8240430107526,2019-11-09 03:30:00
964,6028,3470.838158064516,2019-11-09 03:30:00
965,6029,3470.8522688172043,2019-11-09 03:30:00
966,6030,3470.866376344086,2019-11-09 03:30:00
967,6031,3470.8804795698925,2019-11-09 03:30:00
968,6032,3470.894578494623,2019-11-09 03:30:00
969,6033,3470.9086731182797,2019-11-09 03:30:00
970,6034,3470.922764516129,2019-11-09 03:30:00
971,6035,3470.936851612903,2019-11-09 03:30:00
972,6036,3470.9509344086023,2019-11-09 03:30:00
973,6037,3470.965012903226,2019-11-09 03:30:00
974,6038,3470.9790881720423,2019-11-09 03:30:00
975,6039,3470.993159139785,2019-11-09 03:30:00
976,6040,3471.0072258064515,2019-11-09 03:30:00
977,6041,3471.0212892473114,2019-11-09 03:30:00
978,6042,3471.0353483870963,2019-11-09 03:30:00
979,6043,3471.049403225806,2019-11-09 03:30:00
980,6044,3471.0634537634405,2019-11-09 03:30:00
981,6045,3471.0775010752686,2019-11-09 03:30:00
982,6046,3471.0915440860213,2019-11-09 03:30:00
983,6047,3471.105582795699,2019-11-09 03:30:00
984,6048,3471.1196182795693,2019-11-09 03:30:00
985,6049,3471.133649462365,2019-11-09 03:30:00
986,6050,3471.147676344086,2019-11-09 03:30:00
987,6051,3471.1616989247314,2019-11-09 03:30:00
988,6052,3471.1757182795695,2019-11-09 03:30:00
989,6053,3471.189733333333,2019-11-09 03:30:00
990,6054,3471.2037440860213,2019-11-09 03:30:00
991,6055,3471.217751612903,2019-11-09 03:30:00
992,6056,3471.2317548387095,2019-11-09 03:30:00
993,6057,3471.245753763441,2019-11-09 03:30:00
994,6058,3471.2597494623656,2019-11-09 03:30:00
995,6059,3471.273740860215,2019-11-09 03:30:00
996,6060,3471.287727956989,2019-11-09 03:30:00
997,6061,3471.301710752688,2019-11-09 03:30:00
998,6062,3471.315690322581,2019-11-09 03:30:00
999,6063,3471.3296655913978,2019-11-09 03:30:00
1000,6064,3471.343636559139,2019-11-09 03:30:00
1001,6065,3471.3576043010753,2019-11-09 03:30:00
1002,6066,3471.371567741935,2019-11-09 03:30:00
1003,6067,3471.38552688172,2019-11-09 03:30:00
1004,6068,3471.3994827956985,2019-11-09 03:30:00
1005,6069,3471.413434408602,2019-11-09 03:30:00
1006,6070,3471.42738172043,2019-11-09 03:30:00
1007,6071,3471.441325806451,2019-11-09 03:30:00
1008,6072,3471.4552655913976,2019-11-09 03:30:00
1009,6073,3471.4692010752688,2019-11-09 03:30:00
1010,6074,3471.483133333333,2019-11-09 03:30:00
1011,6075,3471.4970612903226,2019-11-09 03:30:00
1012,6076,3471.5109849462365,2019-11-09 03:30:00
1013,6077,3471.524904301075,2019-11-09 03:30:00
1014,6078,3471.5388204301075,2019-11-09 03:30:00
1015,6079,3471.552733333333,2019-11-09 03:30:00
1016,6080,3471.566640860215,2019-11-09 03:30:00
1017,6081,3471.58054516129,2019-11-09 03:30:00
1018,6082,3471.59444516129,2019-11-09 03:30:00
1019,6083,3471.6083419354836,2019-11-09 03:30:00
1020,6084,3471.6222344086023,2019-11-09 03:30:00
1021,6085,3471.6361225806454,2019-11-09 03:30:00
1022,6086,3471.650007526882,2019-11-09 03:30:00
1023,6087,3471.663888172043,2019-11-09 03:30:00
1024,6088,3471.677764516129,2019-11-09 03:30:00
1025,6089,3471.691637634409,2019-11-09 03:30:00
1026,6090,3471.705506451613,2019-11-09 03:30:00
1027,6091,3471.7193720430105,2019-11-09 03:30:00
1028,6092,3471.733233333333,2019-11-09 03:30:00
1029,6093,3471.747090322581,2019-11-09 03:30:00
1030,6094,3471.7609430107527,2019-11-09 03:30:00
1031,6095,3471.774792473118,2019-11-09 03:30:00
1032,6096,3471.788637634408,2019-11-09 03:30:00
1033,6097,3471.802479569892,2019-11-09 03:30:00
1034,6098,3471.816317204301,2019-11-09 03:30:00
1035,6099,3471.8301505376344,2019-11-09 03:30:00
1036,6100,3471.843980645161,2019-11-09 03:30:00
1037,6101,3471.8578064516128,2019-11-09 03:30:00
1038,6102,3471.871629032258,2019-11-09 03:30:00
1039,6103,3471.8854462365584,2019-11-09 03:30:00
1040,6104,3471.8992612903226,2019-11-09 03:30:00
1041,6105,3471.9130709677415,2019-11-09 03:30:00
1042,6106,3471.926877419355,2019-11-09 03:30:00
1043,6107,3471.9406806451607,2019-11-09 03:30:00
1044,6108,3471.9544784946233,2019-11-09 03:30:00
1045,6109,3471.9682731182797,2019-11-09 03:30:00
1046,6110,3471.9820645161285,2019-11-09 03:30:00
1047,6111,3471.995851612903,2019-11-09 03:30:00
1048,6112,3472.0096344086023,2019-11-09 03:30:00
1049,6113,3472.023413978495,2019-11-09 03:30:00
1050,6114,3472.0371892473113,2019-11-09 03:30:00
1051,6115,3472.0509602150532,2019-11-09 03:30:00
1052,6116,3472.064727956989,2019-11-09 03:30:00
1053,6117,3472.0784924731183,2019-11-09 03:30:00
1054,6118,3472.092251612903,2019-11-09 03:30:00
1055,6119,3472.1060075268815,2019-11-09 03:30:00
1056,6120,3472.1197602150532,2019-11-09 03:30:00
1057,6121,3472.1335086021504,2019-11-09 03:30:00
1058,6122,3472.1472526881716,2019-11-09 03:30:00
1059,6123,3472.1609935483866,2019-11-09 03:30:00
1060,6124,3472.1747301075266,2019-11-09 03:30:00
1061,6125,3472.188462365591,2019-11-09 03:30:00
1062,6126,3472.202191397849,2019-11-09 03:30:00
1063,6127,3472.215916129032,2019-11-09 03:30:00
1064,6128,3472.2296376344084,2019-11-09 03:30:00
1065,6129,3472.2433548387094,2019-11-09 03:30:00
1066,6130,3472.2570688172036,2019-11-09 03:30:00
1067,6131,3472.2707784946233,2019-11-09 03:30:00
1068,6132,3472.2844838709675,2019-11-09 03:30:00
1069,6133,3472.2981860215054,2019-11-09 03:30:00
