timestamp,cycle_sec,timestep,speed_mph,accel_meters_ps
2012-04-28 08:41:56,0,67178,0.0,0.0
2012-04-28 08:41:57,1,1,4.71235119048,4.71235119048
2012-04-28 08:41:58,2,1,8.57364583333,3.86129464286
2012-04-28 08:41:59,3,1,12.970625,4.39697916667
2012-04-28 08:42:00,4,1,17.4340104167,4.46338541667
2012-04-28 08:42:01,5,1,21.8491071429,4.41509672619
2012-04-28 08:42:02,6,1,26.2563169643,4.40720982143
2012-04-28 08:42:03,7,1,30.6728869048,4.41656994048
2012-04-28 08:42:04,8,1,34.9536235119,4.28073660714
2012-04-28 08:42:05,9,1,38.7680208333,3.81439732143
2012-04-28 08:42:06,10,1,41.7693303571,3.00130952381
2012-04-28 08:42:07,11,1,43.8181547619,2.04882440476
2012-04-28 08:42:08,12,1,45.0698139881,1.25165922619
2012-04-28 08:42:09,13,1,45.8602678571,0.790453869048
2012-04-28 08:42:10,14,1,46.4650372024,0.604769345238
2012-04-28 08:42:11,15,1,46.961860119,0.496822916667
2012-04-28 08:42:12,16,1,47.3203869048,0.358526785714
2012-04-28 08:42:13,17,1,47.5390625,0.218675595238
2012-04-28 08:42:14,18,1,47.6713541667,0.132291666667
2012-04-28 08:42:15,19,1,47.784375,0.113020833333
2012-04-28 08:42:16,20,1,47.9140625,0.1296875
2012-04-28 08:42:17,21,1,48.0527529762,0.13869047619
2012-04-28 08:42:18,22,1,48.1791666667,0.126413690476
2012-04-28 08:42:19,23,1,48.284672619,0.105505952381
2012-04-28 08:42:20,24,1,48.3717261905,0.0870535714286
2012-04-28 08:42:21,25,1,48.4462797619,0.0745535714286
2012-04-28 08:42:22,26,1,48.509672619,0.0633928571428
2012-04-28 08:42:23,27,1,48.5553571429,0.0456845238095
2012-04-28 08:42:24,28,1,48.5818452381,0.0264880952381
2012-04-28 08:42:25,29,1,48.5978422619,0.0159970238096
2012-04-28 08:42:26,30,1,48.6023809524,0.0045386904762
2012-04-28 08:42:27,31,1,48.5670386905,-0.0353422619048
2012-04-28 08:42:28,32,1,48.4398065476,-0.127232142857
2012-04-28 08:42:29,33,1,48.1677827381,-0.272023809524
2012-04-28 08:42:30,34,1,47.7302083333,-0.437574404762
2012-04-28 08:42:31,35,1,47.1532738095,-0.576934523809
2012-04-28 08:42:32,36,1,46.4890625,-0.664211309524
2012-04-28 08:42:33,37,1,45.791889881,-0.697172619048
2012-04-28 08:42:34,38,1,45.1129464286,-0.678943452381
2012-04-28 08:42:35,39,1,44.4716517857,-0.641294642857
2012-04-28 08:42:36,40,1,43.790327381,-0.681324404762
2012-04-28 08:42:37,41,1,42.8599702381,-0.930357142857
2012-04-28 08:42:38,42,1,41.3909970238,-1.46897321429
2012-04-28 08:42:39,43,1,39.1491071429,-2.24188988095
2012-04-28 08:42:40,44,1,36.120610119,-3.02849702381
2012-04-28 08:42:41,45,1,32.5555803571,-3.5650297619
2012-04-28 08:42:42,46,1,28.8165922619,-3.73898809524
2012-04-28 08:42:43,47,1,25.1932291667,-3.62336309524
2012-04-28 08:42:44,48,1,21.8319940476,-3.36123511905
2012-04-28 08:42:45,49,1,18.7644345238,-3.06755952381
2012-04-28 08:42:46,50,1,15.9758184524,-2.78861607143
2012-04-28 08:42:47,51,1,13.4473214286,-2.52849702381
2012-04-28 08:42:48,52,1,11.1416666667,-2.3056547619
2012-04-28 08:42:49,53,1,9.00297619048,-2.13869047619
2012-04-28 08:42:50,54,1,6.99025297619,-2.01272321429
2012-04-28 08:42:51,55,1,5.08229166667,-1.90796130952
2012-04-28 08:42:52,56,1,3.29672619048,-1.78556547619
2012-04-28 08:42:53,57,1,1.80625,-1.49047619048
2012-04-28 08:42:54,58,1,0.0,-1.80625
2012-04-28 08:43:28,92,34,0.0,0.0
2012-04-28 08:43:29,93,1,3.77239583333,3.77239583333
2012-04-28 08:43:30,94,1,7.43511904762,3.66272321429
2012-04-28 08:43:31,95,1,12.0021577381,4.56703869048
2012-04-28 08:43:32,96,1,16.7936011905,4.79144345238
2012-04-28 08:43:33,97,1,21.2958333333,4.50223214286
2012-04-28 08:43:34,98,1,25.2773809524,3.98154761905
2012-04-28 08:43:35,99,1,28.7386904762,3.46130952381
2012-04-28 08:43:36,100,1,31.7747767857,3.03608630952
2012-04-28 08:43:37,101,1,34.4736607143,2.69888392857
2012-04-28 08:43:38,102,1,36.8860863095,2.41242559524
2012-04-28 08:43:39,103,1,39.0145833333,2.12849702381
2012-04-28 08:43:40,104,1,40.8054315476,1.79084821429
2012-04-28 08:43:41,105,1,42.1758928571,1.37046130952
2012-04-28 08:43:42,106,1,43.0770833333,0.901190476191
2012-04-28 08:43:43,107,1,43.5465029762,0.469419642857
2012-04-28 08:43:44,108,1,43.7017113095,0.155208333333
2012-04-28 08:43:45,109,1,43.6773809524,-0.0243303571428
2012-04-28 08:43:46,110,1,43.5719494048,-0.105431547619
2012-04-28 08:43:47,111,1,43.4486607143,-0.123288690476
2012-04-28 08:43:48,112,1,43.3539434524,-0.0947172619047
2012-04-28 08:43:49,113,1,43.3130952381,-0.0408482142858
2012-04-28 08:43:50,114,1,43.3194196429,0.0063244047619
2012-04-28 08:43:51,115,1,43.3394345238,0.0200148809524
2012-04-28 08:43:52,116,1,43.3376488095,-0.0017857142857
2012-04-28 08:43:53,117,1,43.308110119,-0.0295386904762
2012-04-28 08:43:54,118,1,43.2750744048,-0.0330357142857
2012-04-28 08:43:55,119,1,43.2503720238,-0.0247023809524
2012-04-28 08:43:56,120,1,43.1954613095,-0.0549107142857
2012-04-28 08:43:57,121,1,43.0357886905,-0.159672619048
2012-04-28 08:43:58,122,1,42.71875,-0.317038690476
2012-04-28 08:43:59,123,1,42.2598958333,-0.458854166667
2012-04-28 08:44:00,124,1,41.7343005952,-0.525595238095
2012-04-28 08:44:01,125,1,41.2288690476,-0.505431547619
2012-04-28 08:44:02,126,1,40.7982886905,-0.430580357143
2012-04-28 08:44:03,127,1,40.4488839286,-0.349404761905
2012-04-28 08:44:04,128,1,40.1549107143,-0.293973214286
2012-04-28 08:44:05,129,1,39.8941964286,-0.260714285714
2012-04-28 08:44:06,130,1,39.673139881,-0.221056547619
2012-04-28 08:44:07,131,1,39.5124255952,-0.160714285714
2012-04-28 08:44:08,132,1,39.3979910714,-0.114434523809
2012-04-28 08:44:09,133,1,39.2483630952,-0.149627976191
2012-04-28 08:44:10,134,1,38.9467261905,-0.301636904762
2012-04-28 08:44:11,135,1,38.4203869048,-0.526339285714
2012-04-28 08:44:12,136,1,37.6883928571,-0.731994047619
2012-04-28 08:44:13,137,1,36.8042410714,-0.884151785714
2012-04-28 08:44:14,138,1,35.7347470238,-1.06949404762
2012-04-28 08:44:15,139,1,34.3443452381,-1.39040178571
2012-04-28 08:44:16,140,1,32.5671130952,-1.77723214286
2012-04-28 08:44:17,141,1,30.5982886905,-1.96882440476
2012-04-28 08:44:18,142,1,28.8770833333,-1.72120535714
2012-04-28 08:44:19,143,1,27.8389880952,-1.0380952381
2012-04-28 08:44:20,144,1,27.6360863095,-0.202901785714
2012-04-28 08:44:21,145,1,28.0630208333,0.426934523809
2012-04-28 08:44:22,146,1,28.7343005952,0.671279761905
2012-04-28 08:44:23,147,1,29.3173363095,0.583035714286
2012-04-28 08:44:24,148,1,29.6443452381,0.327008928571
2012-04-28 08:44:25,149,1,29.7164434524,0.0720982142858
2012-04-28 08:44:26,150,1,29.6526785714,-0.0637648809524
2012-04-28 08:44:27,151,1,29.6120535714,-0.040625
2012-04-28 08:44:28,152,1,29.7522321429,0.140178571428
2012-04-28 08:44:29,153,1,30.2198660714,0.467633928572
2012-04-28 08:44:30,154,1,31.1179315476,0.89806547619
2012-04-28 08:44:31,155,1,32.5049107143,1.38697916667
2012-04-28 08:44:32,156,1,34.4244047619,1.91949404762
2012-04-28 08:44:33,157,1,36.8335565476,2.40915178571
2012-04-28 08:44:34,158,1,39.5124255952,2.67886904762
2012-04-28 08:44:35,159,1,42.1494047619,2.63697916667
2012-04-28 08:44:36,160,1,44.5089285714,2.35952380952
2012-04-28 08:44:37,161,1,46.5284970238,2.01956845238
2012-04-28 08:44:38,162,1,48.3306547619,1.8021577381
2012-04-28 08:44:39,163,1,50.0992559524,1.76860119048
2012-04-28 08:44:40,164,1,51.9081845238,1.80892857143
2012-04-28 08:44:41,165,1,53.7152529762,1.80706845238
2012-04-28 08:44:42,166,1,55.4619047619,1.74665178571
2012-04-28 08:44:43,167,1,57.1053571429,1.64345238095
2012-04-28 08:44:44,168,1,58.6077380952,1.50238095238
2012-04-28 08:44:45,169,1,59.9430059524,1.33526785714
2012-04-28 08:44:46,170,1,61.1058779762,1.16287202381
2012-04-28 08:44:47,171,1,62.1120535714,1.00617559524
2012-04-28 08:44:48,172,1,62.9915178571,0.879464285714
2012-04-28 08:44:49,173,1,63.7767857143,0.785267857143
2012-04-28 08:44:50,174,1,64.494047619,0.717261904762
2012-04-28 08:44:51,175,1,65.1569940476,0.662946428571
2012-04-28 08:44:52,176,1,65.7605654762,0.603571428571
2012-04-28 08:44:53,177,1,66.284077381,0.523511904762
2012-04-28 08:44:54,178,1,66.7066964286,0.422619047619
2012-04-28 08:44:55,179,1,67.0212053571,0.314508928571
2012-04-28 08:44:56,180,1,67.2361607143,0.214955357143
2012-04-28 08:44:57,181,1,67.3716517857,0.135491071429
2012-04-28 08:44:58,182,1,67.4554315476,0.0837797619047
2012-04-28 08:44:59,183,1,67.5166666667,0.0612351190477
2012-04-28 08:45:00,184,1,67.5764880952,0.0598214285714
2012-04-28 08:45:01,185,1,67.6430803571,0.0665922619048
2012-04-28 08:45:02,186,1,67.7129464286,0.0698660714285
2012-04-28 08:45:03,187,1,67.7743303571,0.0613839285715
2012-04-28 08:45:04,188,1,67.8115327381,0.0372023809523
2012-04-28 08:45:05,189,1,67.8076636905,-0.00386904761899
2012-04-28 08:45:06,190,1,67.7501488095,-0.0575148809524
2012-04-28 08:45:07,191,1,67.6459077381,-0.104241071429
2012-04-28 08:45:08,192,1,67.5313244048,-0.114583333333
2012-04-28 08:45:09,193,1,67.4579613095,-0.0733630952381
2012-04-28 08:45:10,194,1,67.4634672619,0.005505952381
2012-04-28 08:45:11,195,1,67.5519345238,0.0884672619047
2012-04-28 08:45:12,196,1,67.6978422619,0.145907738095
2012-04-28 08:45:13,197,1,67.865625,0.167782738095
2012-04-28 08:45:14,198,1,68.0212797619,0.155654761905
2012-04-28 08:45:15,199,1,68.13125,0.109970238095
2012-04-28 08:45:16,200,1,68.1667410714,0.0354910714286
2012-04-28 08:45:17,201,1,68.1181547619,-0.0485863095238
2012-04-28 08:45:18,202,1,68.0030505952,-0.115104166667
2012-04-28 08:45:19,203,1,67.8541666667,-0.148883928571
2012-04-28 08:45:20,204,1,67.698735119,-0.155431547619
2012-04-28 08:45:21,205,1,67.552827381,-0.145907738095
2012-04-28 08:45:22,206,1,67.4288690476,-0.123958333333
2012-04-28 08:45:23,207,1,67.3371279762,-0.0917410714285
2012-04-28 08:45:24,208,1,67.2801339286,-0.0569940476191
2012-04-28 08:45:25,209,1,67.2494047619,-0.0307291666666
2012-04-28 08:45:26,210,1,67.229985119,-0.0194196428572
2012-04-28 08:45:27,211,1,67.2123511905,-0.0176339285714
2012-04-28 08:45:28,212,1,67.1990327381,-0.013318452381
2012-04-28 08:45:29,213,1,67.1994791667,0.000446428571507
2012-04-28 08:45:30,214,1,67.2252232143,0.025744047619
2012-04-28 08:45:31,215,1,67.2899553571,0.0647321428572
2012-04-28 08:45:32,216,1,67.4054315476,0.115476190476
2012-04-28 08:45:33,217,1,67.5738839286,0.168452380952
2012-04-28 08:45:34,218,1,67.7876488095,0.213764880952
2012-04-28 08:45:35,219,1,68.0367559524,0.249107142857
2012-04-28 08:45:36,220,1,68.313764881,0.277008928571
2012-04-28 08:45:37,221,1,68.6117559524,0.297991071428
2012-04-28 08:45:38,222,1,68.9228422619,0.311086309524
2012-04-28 08:45:39,223,1,69.2404761905,0.317633928571
2012-04-28 08:45:40,224,1,69.5609375,0.320461309524
2012-04-28 08:45:41,225,1,69.8811755952,0.320238095238
2012-04-28 08:45:42,226,1,70.1918154762,0.310639880952
2012-04-28 08:45:43,227,1,70.4702380952,0.278422619048
2012-04-28 08:45:44,228,1,70.6860863095,0.215848214286
2012-04-28 08:45:45,229,1,70.8139880952,0.127901785714
2012-04-28 08:45:46,230,1,70.8341517857,0.0201636904762
2012-04-28 08:45:47,231,1,70.7267113095,-0.107440476191
2012-04-28 08:45:48,232,1,70.4796130952,-0.247098214286
2012-04-28 08:45:49,233,1,70.1050595238,-0.374553571429
2012-04-28 08:45:50,234,1,69.647172619,-0.457886904762
2012-04-28 08:45:51,235,1,69.1735863095,-0.473586309524
2012-04-28 08:45:52,236,1,68.7508928571,-0.422693452381
2012-04-28 08:45:53,237,1,68.4175595238,-0.333333333333
2012-04-28 08:45:54,238,1,68.1765625,-0.240997023809
2012-04-28 08:45:55,239,1,68.0093005952,-0.167261904762
2012-04-28 08:45:56,240,1,67.8944940476,-0.114806547619
2012-04-28 08:45:57,241,1,67.8223958333,-0.0720982142857
2012-04-28 08:45:58,242,1,67.800297619,-0.0220982142857
2012-04-28 08:45:59,243,1,67.8459821429,0.0456845238095
2012-04-28 08:46:00,244,1,67.9719494048,0.125967261905
2012-04-28 08:46:01,245,1,68.1691220238,0.197172619048
2012-04-28 08:46:02,246,1,68.4,0.23087797619
2012-04-28 08:46:03,247,1,68.6063988095,0.206398809524
2012-04-28 08:46:04,248,1,68.7282738095,0.121875
2012-04-28 08:46:05,249,1,68.7259672619,-0.002306547619
2012-04-28 08:46:06,250,1,68.5919642857,-0.134002976191
2012-04-28 08:46:07,251,1,68.3379464286,-0.254017857143
2012-04-28 08:46:08,252,1,67.9744047619,-0.363541666667
2012-04-28 08:46:09,253,1,67.513764881,-0.460639880952
2012-04-28 08:46:10,254,1,66.9851190476,-0.528645833333
2012-04-28 08:46:11,255,1,66.4351190476,-0.55
2012-04-28 08:46:12,256,1,65.9171875,-0.517931547619
2012-04-28 08:46:13,257,1,65.4717261905,-0.445461309524
2012-04-28 08:46:14,258,1,65.1098958333,-0.361830357143
2012-04-28 08:46:15,259,1,64.8172619048,-0.292633928571
2012-04-28 08:46:16,260,1,64.557514881,-0.25974702381
2012-04-28 08:46:17,261,1,64.2764136905,-0.281101190476
2012-04-28 08:46:18,262,1,63.9302083333,-0.346205357143
2012-04-28 08:46:19,263,1,63.5095982143,-0.420610119048
2012-04-28 08:46:20,264,1,63.0371279762,-0.472470238095
2012-04-28 08:46:21,265,1,62.5622767857,-0.474851190476
2012-04-28 08:46:22,266,1,62.1506696429,-0.411607142857
2012-04-28 08:46:23,267,1,61.8645833333,-0.286086309524
2012-04-28 08:46:24,268,1,61.7560267857,-0.108556547619
2012-04-28 08:46:25,269,1,61.856547619,0.100520833333
2012-04-28 08:46:26,270,1,62.1529017857,0.296354166667
2012-04-28 08:46:27,271,1,62.5840029762,0.431101190476
2012-04-28 08:46:28,272,1,63.068452381,0.484449404762
2012-04-28 08:46:29,273,1,63.5350446429,0.466592261905
2012-04-28 08:46:30,274,1,63.9441220238,0.409077380952
2012-04-28 08:46:31,275,1,64.2935267857,0.349404761905
2012-04-28 08:46:32,276,1,64.5976934524,0.304166666667
2012-04-28 08:46:33,277,1,64.8536458333,0.255952380952
2012-04-28 08:46:34,278,1,65.0280505952,0.174404761905
2012-04-28 08:46:35,279,1,65.0776785714,0.0496279761905
2012-04-28 08:46:36,280,1,64.9804315476,-0.0972470238096
2012-04-28 08:46:37,281,1,64.7479166667,-0.232514880952
2012-04-28 08:46:38,282,1,64.4145833333,-0.333333333333
2012-04-28 08:46:39,283,1,64.0169642857,-0.397619047619
2012-04-28 08:46:40,284,1,63.5790178571,-0.437946428571
2012-04-28 08:46:41,285,1,63.1209077381,-0.458110119048
2012-04-28 08:46:42,286,1,62.6890625,-0.431845238095
2012-04-28 08:46:43,287,1,62.36875,-0.3203125
2012-04-28 08:46:44,288,1,62.2504464286,-0.118303571429
2012-04-28 08:46:45,289,1,62.3732886905,0.122842261905
2012-04-28 08:46:46,290,1,62.6908482143,0.317559523809
2012-04-28 08:46:47,291,1,63.0895833333,0.398735119048
2012-04-28 08:46:48,292,1,63.4548363095,0.36525297619
2012-04-28 08:46:49,293,1,63.7306547619,0.275818452381
2012-04-28 08:46:50,294,1,63.9236607143,0.193005952381
2012-04-28 08:46:51,295,1,64.0676339286,0.143973214286
2012-04-28 08:46:52,296,1,64.19375,0.126116071429
2012-04-28 08:46:53,297,1,64.3185267857,0.124776785714
2012-04-28 08:46:54,298,1,64.4402529762,0.121726190476
2012-04-28 08:46:55,299,1,64.5394345238,0.099181547619
2012-04-28 08:46:56,300,1,64.5830357143,0.0436011904762
2012-04-28 08:46:57,301,1,64.5366815476,-0.0463541666666
2012-04-28 08:46:58,302,1,64.3838541667,-0.152827380952
2012-04-28 08:46:59,303,1,64.1351934524,-0.248660714286
2012-04-28 08:47:00,304,1,63.8206845238,-0.314508928571
2012-04-28 08:47:01,305,1,63.4795386905,-0.341145833333
2012-04-28 08:47:02,306,1,63.1538690476,-0.325669642857
2012-04-28 08:47:03,307,1,62.8801339286,-0.273735119048
2012-04-28 08:47:04,308,1,62.6801339286,-0.2
2012-04-28 08:47:05,309,1,62.5586309524,-0.12150297619
2012-04-28 08:47:06,310,1,62.5119791667,-0.0466517857143
2012-04-28 08:47:07,311,1,62.5402529762,0.0282738095238
2012-04-28 08:47:08,312,1,62.6489583333,0.108705357143
2012-04-28 08:47:09,313,1,62.842485119,0.193526785714
2012-04-28 08:47:10,314,1,63.1182291667,0.275744047619
2012-04-28 08:47:11,315,1,63.4625744048,0.344345238095
2012-04-28 08:47:12,316,1,63.851860119,0.389285714286
2012-04-28 08:47:13,317,1,64.255952381,0.404092261905
2012-04-28 08:47:14,318,1,64.6360863095,0.380133928571
2012-04-28 08:47:15,319,1,64.9439732143,0.307886904762
2012-04-28 08:47:16,320,1,65.1313988095,0.187425595238
2012-04-28 08:47:17,321,1,65.162797619,0.0313988095238
2012-04-28 08:47:18,322,1,65.0254464286,-0.137351190476
2012-04-28 08:47:19,323,1,64.740625,-0.284821428571
2012-04-28 08:47:20,324,1,64.3683779762,-0.372247023809
2012-04-28 08:47:21,325,1,63.9912202381,-0.377157738095
2012-04-28 08:47:22,326,1,63.6793154762,-0.311904761905
2012-04-28 08:47:23,327,1,63.4553571429,-0.223958333333
2012-04-28 08:47:24,328,1,63.2776785714,-0.177678571429
2012-04-28 08:47:25,329,1,63.0662946429,-0.211383928572
2012-04-28 08:47:26,330,1,62.7736607143,-0.292633928571
2012-04-28 08:47:27,331,1,62.4345238095,-0.339136904762
2012-04-28 08:47:28,332,1,62.1357886905,-0.298735119048
2012-04-28 08:47:29,333,1,61.9474702381,-0.188318452381
2012-04-28 08:47:30,334,1,61.8906994048,-0.0567708333333
2012-04-28 08:47:31,335,1,61.9572172619,0.0665178571429
2012-04-28 08:47:32,336,1,62.1430803571,0.185863095238
2012-04-28 08:47:33,337,1,62.4543154762,0.311235119048
2012-04-28 08:47:34,338,1,62.8760416667,0.421726190476
2012-04-28 08:47:35,339,1,63.3436755952,0.467633928571
2012-04-28 08:47:36,340,1,63.7593005952,0.415625
2012-04-28 08:47:37,341,1,64.0463541667,0.287053571429
2012-04-28 08:47:38,342,1,64.1929315476,0.146577380952
2012-04-28 08:47:39,343,1,64.2529017857,0.0599702380953
2012-04-28 08:47:40,344,1,64.3085565476,0.0556547619047
2012-04-28 08:47:41,345,1,64.4053571429,0.0968005952381
2012-04-28 08:47:42,346,1,64.5043154762,0.0989583333334
2012-04-28 08:47:43,347,1,64.5182291667,0.0139136904762
2012-04-28 08:47:44,348,1,64.4078869048,-0.110342261905
2012-04-28 08:47:45,349,1,64.2332589286,-0.17462797619
2012-04-28 08:47:46,350,1,64.1124255952,-0.120833333333
2012-04-28 08:47:47,351,1,64.1375744048,0.0251488095238
2012-04-28 08:47:48,352,1,64.3205357143,0.182961309524
2012-04-28 08:47:49,353,1,64.6029017857,0.282366071429
2012-04-28 08:47:50,354,1,64.907514881,0.304613095238
2012-04-28 08:47:51,355,1,65.1748511905,0.267336309524
2012-04-28 08:47:52,356,1,65.3634672619,0.188616071429
2012-04-28 08:47:53,357,1,65.4456845238,0.0822172619047
2012-04-28 08:47:54,358,1,65.4130208333,-0.0326636904762
2012-04-28 08:47:55,359,1,65.271875,-0.141145833333
2012-04-28 08:47:56,360,1,65.0320684524,-0.239806547619
2012-04-28 08:47:57,361,1,64.7097470238,-0.322321428571
2012-04-28 08:47:58,362,1,64.3365327381,-0.373214285714
2012-04-28 08:47:59,363,1,63.9489583333,-0.387574404762
2012-04-28 08:48:00,364,1,63.5594494048,-0.389508928571
2012-04-28 08:48:01,365,1,63.1380952381,-0.421354166667
2012-04-28 08:48:02,366,1,62.6266369048,-0.511458333333
2012-04-28 08:48:03,367,1,61.9716517857,-0.654985119048
2012-04-28 08:48:04,368,1,61.1428571429,-0.828794642857
2012-04-28 08:48:05,369,1,60.1281994048,-1.0146577381
2012-04-28 08:48:06,370,1,58.930952381,-1.19724702381
2012-04-28 08:48:07,371,1,57.5802083333,-1.35074404762
2012-04-28 08:48:08,372,1,56.1343005952,-1.4459077381
2012-04-28 08:48:09,373,1,54.6593005952,-1.475
2012-04-28 08:48:10,374,1,53.2001488095,-1.45915178571
2012-04-28 08:48:11,375,1,51.7770089286,-1.42313988095
2012-04-28 08:48:12,376,1,50.4017113095,-1.37529761905
2012-04-28 08:48:13,377,1,49.0865327381,-1.31517857143
2012-04-28 08:48:14,378,1,47.8480654762,-1.2384672619
2012-04-28 08:48:15,379,1,46.7038690476,-1.14419642857
2012-04-28 08:48:16,380,1,45.6203125,-1.08355654762
2012-04-28 08:48:17,381,1,44.4433035714,-1.17700892857
2012-04-28 08:48:18,382,1,42.9578869048,-1.48541666667
2012-04-28 08:48:19,383,1,41.0919642857,-1.86592261905
2012-04-28 08:48:20,384,1,39.0263392857,-2.065625
2012-04-28 08:48:21,385,1,37.0296875,-1.99665178571
2012-04-28 08:48:22,386,1,35.1442708333,-1.88541666667
2012-04-28 08:48:23,387,1,33.0249255952,-2.1193452381
2012-04-28 08:48:24,388,1,30.1227306548,-2.90219494048
2012-04-28 08:48:25,389,1,26.0795572917,-4.0431733631
2012-04-28 08:48:26,390,1,21.0251116071,-5.05444568452
2012-04-28 08:48:27,391,1,15.6176897321,-5.407421875
2012-04-28 08:48:28,392,1,10.79765625,-4.82003348214
2012-04-28 08:48:29,393,1,7.34202008929,-3.45563616071
2012-04-28 08:48:30,394,1,5.55375744048,-1.78826264881
2012-04-28 08:48:31,395,1,5.30803571429,-0.24572172619
2012-04-28 08:48:32,396,1,6.26469494048,0.95665922619
2012-04-28 08:48:33,397,1,8.02702752976,1.76233258929
2012-04-28 08:48:34,398,1,10.224516369,2.19748883929
2012-04-28 08:48:35,399,1,12.5378162202,2.31329985119
2012-04-28 08:48:36,400,1,14.75546875,2.21765252976
2012-04-28 08:48:37,401,1,16.8901599702,2.13469122024
2012-04-28 08:48:38,402,1,19.1221354167,2.23197544643
2012-04-28 08:48:39,403,1,21.5247767857,2.40264136905
2012-04-28 08:48:40,404,1,23.9587797619,2.43400297619
2012-04-28 08:48:41,405,1,26.2703125,2.3115327381
2012-04-28 08:48:42,406,1,28.4282738095,2.15796130952
2012-04-28 08:48:43,407,1,30.4333333333,2.00505952381
2012-04-28 08:48:44,408,1,32.2267113095,1.79337797619
2012-04-28 08:48:45,409,1,33.7165922619,1.48988095238
2012-04-28 08:48:46,410,1,34.848139881,1.13154761905
2012-04-28 08:48:47,411,1,35.6584821429,0.810342261905
2012-04-28 08:48:48,412,1,36.254389881,0.595907738095
2012-04-28 08:48:49,413,1,36.7253720238,0.470982142857
2012-04-28 08:48:50,414,1,37.1152529762,0.389880952381
2012-04-28 08:48:51,415,1,37.4589285714,0.343675595238
2012-04-28 08:48:52,416,1,37.7818452381,0.322916666667
2012-04-28 08:48:53,417,1,38.0662946429,0.284449404762
2012-04-28 08:48:54,418,1,38.2645833333,0.198288690476
2012-04-28 08:48:55,419,1,38.3553571429,0.0907738095238
2012-04-28 08:48:56,420,1,38.3627232143,0.0073660714286
2012-04-28 08:48:57,421,1,38.313764881,-0.0489583333333
2012-04-28 08:48:58,422,1,38.1920386905,-0.121726190476
2012-04-28 08:48:59,423,1,37.9363095238,-0.255729166667
2012-04-28 08:49:00,424,1,37.4861607143,-0.450148809524
2012-04-28 08:49:01,425,1,36.8369791667,-0.649181547619
2012-04-28 08:49:02,426,1,36.0524553571,-0.784523809524
2012-04-28 08:49:03,427,1,35.2020089286,-0.850446428571
2012-04-28 08:49:04,428,1,34.2378720238,-0.964136904762
2012-04-28 08:49:05,429,1,32.9151785714,-1.32269345238
2012-04-28 08:49:06,430,1,30.865327381,-2.04985119048
2012-04-28 08:49:07,431,1,27.7840029762,-3.08132440476
2012-04-28 08:49:08,432,1,23.6109623016,-4.1730406746
2012-04-28 08:49:09,433,1,18.630109127,-4.9808531746
2012-04-28 08:49:10,434,1,13.4478422619,-5.18226686508
2012-04-28 08:49:11,435,1,8.8209077381,-4.62693452381
2012-04-28 08:49:12,436,1,5.3775297619,-3.44337797619
2012-04-28 08:49:13,437,1,3.40297619048,-1.97455357143
2012-04-28 08:49:14,438,1,2.8597718254,-0.543204365079
2012-04-28 08:49:15,439,1,3.54885912698,0.689087301587
2012-04-28 08:49:16,440,1,5.19322916667,1.64437003968
2012-04-28 08:49:17,441,1,7.44441964286,2.25119047619
2012-04-28 08:49:18,442,1,9.91428571429,2.46986607143
2012-04-28 08:49:19,443,1,12.2396577381,2.32537202381
2012-04-28 08:49:20,444,1,14.1544890873,1.91483134921
2012-04-28 08:49:21,445,1,15.5287698413,1.37428075397
2012-04-28 08:49:22,446,1,16.3666666667,0.837896825397
2012-04-28 08:49:23,447,1,16.815922619,0.449255952381
2012-04-28 08:49:24,448,1,17.1395089286,0.323586309524
2012-04-28 08:49:25,449,1,17.5577380952,0.418229166667
2012-04-28 08:49:26,450,1,18.0772321429,0.519494047619
2012-04-28 08:49:27,451,1,18.5139136905,0.436681547619
2012-04-28 08:49:28,452,1,18.6918154762,0.177901785714
2012-04-28 08:49:29,453,1,18.597172619,-0.0946428571429
2012-04-28 08:49:30,454,1,18.3491815476,-0.247991071429
2012-04-28 08:49:31,455,1,18.0681547619,-0.281026785714
2012-04-28 08:49:32,456,1,17.7956845238,-0.272470238095
2012-04-28 08:49:33,457,1,17.5140625,-0.281622023809
2012-04-28 08:49:34,458,1,17.2235119048,-0.290550595238
2012-04-28 08:49:35,459,1,17.020014881,-0.20349702381
2012-04-28 08:49:36,460,1,17.0979166667,0.0779017857143
2012-04-28 08:49:37,461,1,17.6314732143,0.533556547619
2012-04-28 08:49:38,462,1,18.6052083333,0.973735119048
2012-04-28 08:49:39,463,1,19.7558779762,1.15066964286
2012-04-28 08:49:40,464,1,20.720014881,0.964136904762
2012-04-28 08:49:41,465,1,21.2551339286,0.535119047619
2012-04-28 08:49:42,466,1,21.294047619,0.0389136904762
2012-04-28 08:49:43,467,1,20.8105654762,-0.483482142857
2012-04-28 08:49:44,468,1,19.7279761905,-1.08258928571
2012-04-28 08:49:45,469,1,18.0178571429,-1.71011904762
2012-04-28 08:49:46,470,1,15.8763392857,-2.14151785714
2012-04-28 08:49:47,471,1,13.7646577381,-2.11168154762
2012-04-28 08:49:48,472,1,12.2189732143,-1.54568452381
2012-04-28 08:49:49,473,1,11.5648809524,-0.654092261905
2012-04-28 08:49:50,474,1,11.7845982143,0.219717261905
2012-04-28 08:49:51,475,1,12.6177083333,0.833110119048
2012-04-28 08:49:52,476,1,13.7458333333,1.128125
2012-04-28 08:49:53,477,1,14.8970982143,1.15126488095
2012-04-28 08:49:54,478,1,15.8671875,0.970089285714
2012-04-28 08:49:55,479,1,16.5522321429,0.685044642857
2012-04-28 08:49:56,480,1,16.9939732143,0.441741071429
2012-04-28 08:49:57,481,1,17.3366071429,0.342633928571
2012-04-28 08:49:58,482,1,17.6908482143,0.354241071429
2012-04-28 08:49:59,483,1,18.0325892857,0.341741071429
2012-04-28 08:50:00,484,1,18.2415178571,0.208928571429
2012-04-28 08:50:01,485,1,18.2508928571,0.009375
2012-04-28 08:50:02,486,1,18.1412946429,-0.109598214286
2012-04-28 08:50:03,487,1,18.0564732143,-0.0848214285714
2012-04-28 08:50:04,488,1,18.0529761905,-0.0034970238095
2012-04-28 08:50:05,489,1,18.0642113095,0.0112351190476
2012-04-28 08:50:06,490,1,17.9839285714,-0.0802827380952
2012-04-28 08:50:07,491,1,17.7532738095,-0.230654761905
2012-04-28 08:50:08,492,1,17.3711309524,-0.382142857143
2012-04-28 08:50:09,493,1,16.8474702381,-0.523660714286
2012-04-28 08:50:10,494,1,16.1694940476,-0.677976190476
2012-04-28 08:50:11,495,1,15.301264881,-0.868229166667
2012-04-28 08:50:12,496,1,14.2155505952,-1.08571428571
2012-04-28 08:50:13,497,1,12.9556547619,-1.25989583333
2012-04-28 08:50:14,498,1,11.6618303571,-1.29382440476
2012-04-28 08:50:15,499,1,10.5157738095,-1.14605654762
2012-04-28 08:50:16,500,1,9.64657738095,-0.869196428571
2012-04-28 08:50:17,501,1,9.05811011905,-0.588467261905
2012-04-28 08:50:18,502,1,8.63720238095,-0.420907738095
2012-04-28 08:50:19,503,1,8.25349702381,-0.383705357143
2012-04-28 08:50:20,504,1,7.85513392857,-0.398363095238
2012-04-28 08:50:21,505,1,7.47723214286,-0.377901785714
2012-04-28 08:50:22,506,1,7.15811011905,-0.31912202381
2012-04-28 08:50:23,507,1,6.79568948413,-0.362420634921
2012-04-28 08:50:24,508,1,6.08641369048,-0.709275793651
2012-04-28 08:50:25,509,1,4.75119047619,-1.33522321429
2012-04-28 08:50:26,510,1,3.0074156746,-1.74377480159
2012-04-28 08:50:27,511,1,0.0,-3.0074156746
2012-04-28 13:44:29,18153,17642,0.0,0.0
2012-04-28 13:44:30,18154,1,4.65865575397,4.65865575397
2012-04-28 13:44:31,18155,1,8.49631944444,3.83766369048
2012-04-28 13:44:32,18156,1,12.88875,4.39243055556
2012-04-28 13:44:33,18157,1,17.3388194444,4.45006944444
2012-04-28 13:44:34,18158,1,21.7268650794,4.38804563492
2012-04-28 13:44:35,18159,1,26.08,4.35313492063
2012-04-28 13:44:36,18160,1,30.4266666667,4.34666666667
2012-04-28 13:44:37,18161,1,34.7733333333,4.34666666667
2012-04-28 13:44:38,18162,1,39.12,4.34666666667
2012-04-28 13:44:39,18163,1,43.4725396825,4.35253968254
2012-04-28 13:44:40,18164,1,47.8515079365,4.37896825397
2012-04-28 13:44:41,18165,1,52.2479464286,4.39643849206
2012-04-28 13:44:42,18166,1,56.5027628968,4.25481646825
2012-04-28 13:44:43,18167,1,60.2639484127,3.76118551587
2012-04-28 13:44:44,18168,1,63.1573809524,2.89343253968
2012-04-28 13:44:45,18169,1,65.0306299603,1.87324900794
2012-04-28 13:44:46,18170,1,66.0503373016,1.01970734127
2012-04-28 13:44:47,18171,1,66.5877232143,0.537385912698
2012-04-28 13:44:48,18172,1,66.9759722222,0.388249007936
2012-04-28 13:44:49,18173,1,67.3510367063,0.375064484127
2012-04-28 13:44:50,18174,1,67.7056547619,0.354618055556
2012-04-28 13:44:51,18175,1,68.0171875,0.311532738095
2012-04-28 13:44:52,18176,1,68.287797619,0.270610119048
2012-04-28 13:44:53,18177,1,68.5243303571,0.236532738095
2012-04-28 13:44:54,18178,1,68.7274553571,0.203125
2012-04-28 13:44:55,18179,1,68.8944940476,0.167038690476
2012-04-28 13:44:56,18180,1,69.0258928571,0.131398809524
2012-04-28 13:44:57,18181,1,69.1289434524,0.103050595238
2012-04-28 13:44:58,18182,1,69.2110863095,0.0821428571429
2012-04-28 13:44:59,18183,1,69.2729166667,0.0618303571429
2012-04-28 13:45:00,18184,1,69.3131696429,0.0402529761904
2012-04-28 13:45:01,18185,1,69.3363095238,0.0231398809524
2012-04-28 13:45:02,18186,1,69.3526041667,0.0162946428572
2012-04-28 13:45:03,18187,1,69.3711309524,0.0185267857142
2012-04-28 13:45:04,18188,1,69.3885416667,0.0174107142858
2012-04-28 13:45:05,18189,1,69.3834821429,-0.00505952380949
2012-04-28 13:45:06,18190,1,69.3264880952,-0.0569940476191
2012-04-28 13:45:07,18191,1,69.2011160714,-0.12537202381
2012-04-28 13:45:08,18192,1,69.022172619,-0.178943452381
2012-04-28 13:45:09,18193,1,68.8383928571,-0.183779761905
2012-04-28 13:45:10,18194,1,68.715327381,-0.123065476191
2012-04-28 13:45:11,18195,1,68.7036458333,-0.0116815476191
2012-04-28 13:45:12,18196,1,68.8124255952,0.108779761905
2012-04-28 13:45:13,18197,1,69.0114583333,0.199032738095
2012-04-28 13:45:14,18198,1,69.2575892857,0.246130952381
2012-04-28 13:45:15,18199,1,69.518452381,0.260863095238
2012-04-28 13:45:16,18200,1,69.7805803571,0.26212797619
2012-04-28 13:45:17,18201,1,70.0415922619,0.261011904762
2012-04-28 13:45:18,18202,1,70.2949404762,0.253348214286
2012-04-28 13:45:19,18203,1,70.5160714286,0.221130952381
2012-04-28 13:45:20,18204,1,70.6459077381,0.129836309524
2012-04-28 13:45:21,18205,1,70.5899553571,-0.0559523809524
2012-04-28 13:45:22,18206,1,70.2677827381,-0.322172619048
2012-04-28 13:45:23,18207,1,69.6857886905,-0.581994047619
2012-04-28 13:45:24,18208,1,68.9593005952,-0.726488095238
2012-04-28 13:45:25,18209,1,68.2529017857,-0.706398809524
2012-04-28 13:45:26,18210,1,67.6811011905,-0.571800595238
2012-04-28 13:45:27,18211,1,67.2569940476,-0.424107142857
2012-04-28 13:45:28,18212,1,66.9327380952,-0.324255952381
2012-04-28 13:45:29,18213,1,66.669047619,-0.26369047619
2012-04-28 13:45:30,18214,1,66.455952381,-0.213095238095
2012-04-28 13:45:31,18215,1,66.2895089286,-0.166443452381
2012-04-28 13:45:32,18216,1,66.1543154762,-0.135193452381
2012-04-28 13:45:33,18217,1,66.0351934524,-0.11912202381
2012-04-28 13:45:34,18218,1,65.9327380952,-0.102455357143
2012-04-28 13:45:35,18219,1,65.8537202381,-0.0790178571429
2012-04-28 13:45:36,18220,1,65.7929315476,-0.0607886904762
2012-04-28 13:45:37,18221,1,65.7264136905,-0.0665178571428
2012-04-28 13:45:38,18222,1,65.6061755952,-0.120238095238
2012-04-28 13:45:39,18223,1,65.3622767857,-0.243898809524
2012-04-28 13:45:40,18224,1,64.9270089286,-0.435267857143
2012-04-28 13:45:41,18225,1,64.2666666667,-0.660342261905
2012-04-28 13:45:42,18226,1,63.3994047619,-0.867261904762
2012-04-28 13:45:43,18227,1,62.384375,-1.0150297619
2012-04-28 13:45:44,18228,1,61.2847470238,-1.09962797619
2012-04-28 13:45:45,18229,1,60.1451636905,-1.13958333333
2012-04-28 13:45:46,18230,1,59.0102678571,-1.13489583333
2012-04-28 13:45:47,18231,1,57.946577381,-1.06369047619
2012-04-28 13:45:48,18232,1,57.017485119,-0.929092261905
2012-04-28 13:45:49,18233,1,56.2269345238,-0.790550595238
2012-04-28 13:45:50,18234,1,55.5026785714,-0.724255952381
2012-04-28 13:45:51,18235,1,54.747172619,-0.755505952381
2012-04-28 13:45:52,18236,1,53.9029761905,-0.844196428571
2012-04-28 13:45:53,18237,1,52.9683779762,-0.934598214286
2012-04-28 13:45:54,18238,1,51.9509672619,-1.01741071429
2012-04-28 13:45:55,18239,1,50.8168154762,-1.13415178571
2012-04-28 13:45:56,18240,1,49.5015625,-1.31525297619
2012-04-28 13:45:57,18241,1,47.947172619,-1.55438988095
2012-04-28 13:45:58,18242,1,46.0818452381,-1.86532738095
2012-04-28 13:45:59,18243,1,43.7813988095,-2.30044642857
2012-04-28 13:46:00,18244,1,40.9288690476,-2.8525297619
2012-04-28 13:46:01,18245,1,37.5739583333,-3.35491071429
2012-04-28 13:46:02,18246,1,34.0336309524,-3.54032738095
2012-04-28 13:46:03,18247,1,30.7671130952,-3.26651785714
2012-04-28 13:46:04,18248,1,28.0523065476,-2.71480654762
2012-04-28 13:46:05,18249,1,25.729985119,-2.32232142857
2012-04-28 13:46:06,18250,1,23.3029761905,-2.42700892857
2012-04-28 13:46:07,18251,1,20.3854910714,-2.91748511905
2012-04-28 13:46:08,18252,1,17.1220238095,-3.2634672619
2012-04-28 13:46:09,18253,1,14.1725446429,-2.94947916667
2012-04-28 13:46:10,18254,1,12.3027529762,-1.86979166667
2012-04-28 13:46:11,18255,1,11.9738095238,-0.328943452381
2012-04-28 13:46:12,18256,1,13.2066220238,1.2328125
2012-04-28 13:46:13,18257,1,15.704389881,2.49776785714
2012-04-28 13:46:14,18258,1,19.0385416667,3.33415178571
2012-04-28 13:46:15,18259,1,22.7335565476,3.69501488095
2012-04-28 13:46:16,18260,1,26.3144345238,3.58087797619
2012-04-28 13:46:17,18261,1,29.4294642857,3.1150297619
2012-04-28 13:46:18,18262,1,31.9472470238,2.5177827381
2012-04-28 13:46:19,18263,1,33.9063988095,1.95915178571
2012-04-28 13:46:20,18264,1,35.3939732143,1.48757440476
2012-04-28 13:46:21,18265,1,36.4694196429,1.07544642857
2012-04-28 13:46:22,18266,1,37.1449404762,0.675520833333
2012-04-28 13:46:23,18267,1,37.406547619,0.261607142857
2012-04-28 13:46:24,18268,1,37.2764880952,-0.130059523809
2012-04-28 13:46:25,18269,1,36.879389881,-0.397098214286
2012-04-28 13:46:26,18270,1,36.4587797619,-0.420610119048
2012-04-28 13:46:27,18271,1,36.3099702381,-0.14880952381
2012-04-28 13:46:28,18272,1,36.633110119,0.323139880952
2012-04-28 13:46:29,18273,1,37.4133184524,0.780208333333
2012-04-28 13:46:30,18274,1,38.4510416667,1.03772321429
2012-04-28 13:46:31,18275,1,39.5050595238,1.05401785714
2012-04-28 13:46:32,18276,1,40.4103422619,0.905282738095
2012-04-28 13:46:33,18277,1,41.1002232143,0.689880952381
2012-04-28 13:46:34,18278,1,41.5558035714,0.455580357143
2012-04-28 13:46:35,18279,1,41.7521577381,0.196354166667
2012-04-28 13:46:36,18280,1,41.6587053571,-0.0934523809523
2012-04-28 13:46:37,18281,1,41.268452381,-0.390252976191
2012-04-28 13:46:38,18282,1,40.5750744048,-0.69337797619
2012-04-28 13:46:39,18283,1,39.4947916667,-1.0802827381
2012-04-28 13:46:40,18284,1,37.8250744048,-1.6697172619
2012-04-28 13:46:41,18285,1,35.303125,-2.52194940476
2012-04-28 13:46:42,18286,1,31.7651785714,-3.53794642857
2012-04-28 13:46:43,18287,1,27.3503720238,-4.41480654762
2012-04-28 13:46:44,18288,1,22.5949404762,-4.75543154762
2012-04-28 13:46:45,18289,1,18.2823660714,-4.31257440476
2012-04-28 13:46:46,18290,1,15.1114583333,-3.1709077381
2012-04-28 13:46:47,18291,1,13.4008928571,-1.71056547619
2012-04-28 13:46:48,18292,1,13.0359375,-0.364955357143
2012-04-28 13:46:49,18293,1,13.682514881,0.646577380952
2012-04-28 13:46:50,18294,1,15.0549107143,1.37239583333
2012-04-28 13:46:51,18295,1,16.9985863095,1.94367559524
2012-04-28 13:46:52,18296,1,19.3899553571,2.39136904762
2012-04-28 13:46:53,18297,1,22.0401041667,2.65014880952
2012-04-28 13:46:54,18298,1,24.7138392857,2.67373511905
2012-04-28 13:46:55,18299,1,27.1988839286,2.48504464286
2012-04-28 13:46:56,18300,1,29.3336309524,2.13474702381
2012-04-28 13:46:57,18301,1,31.0227678571,1.68913690476
2012-04-28 13:46:58,18302,1,32.2912202381,1.26845238095
2012-04-28 13:46:59,18303,1,33.302827381,1.01160714286
2012-04-28 13:47:00,18304,1,34.2428571429,0.940029761905
2012-04-28 13:47:01,18305,1,35.1057291667,0.86287202381
2012-04-28 13:47:02,18306,1,35.5743303571,0.468601190476
2012-04-28 13:47:03,18307,1,35.1419642857,-0.432366071429
2012-04-28 13:47:04,18308,1,33.4054315476,-1.7365327381
2012-04-28 13:47:05,18309,1,30.3257440476,-3.0796875
2012-04-28 13:47:06,18310,1,26.3051339286,-4.02061011905
2012-04-28 13:47:07,18311,1,22.0027529762,-4.30238095238
2012-04-28 13:47:08,18312,1,18.0016369048,-4.00111607143
2012-04-28 13:47:09,18313,1,14.6209077381,-3.38072916667
2012-04-28 13:47:10,18314,1,11.9794642857,-2.64144345238
2012-04-28 13:47:11,18315,1,10.168452381,-1.81101190476
2012-04-28 13:47:12,18316,1,9.37053571429,-0.797916666667
2012-04-28 13:47:13,18317,1,9.78095238095,0.410416666667
2012-04-28 13:47:14,18318,1,11.382514881,1.6015625
2012-04-28 13:47:15,18319,1,13.8829613095,2.50044642857
2012-04-28 13:47:16,18320,1,16.9061011905,3.02313988095
2012-04-28 13:47:17,18321,1,20.1851190476,3.27901785714
2012-04-28 13:47:18,18322,1,23.5788690476,3.39375
2012-04-28 13:47:19,18323,1,26.9497767857,3.3709077381
2012-04-28 13:47:20,18324,1,30.0553571429,3.10558035714
2012-04-28 13:47:21,18325,1,32.5894345238,2.53407738095
2012-04-28 13:47:22,18326,1,34.3307291667,1.74129464286
2012-04-28 13:47:23,18327,1,35.2466517857,0.915922619048
2012-04-28 13:47:24,18328,1,35.4828125,0.236160714286
2012-04-28 13:47:25,18329,1,35.2651041667,-0.217708333333
2012-04-28 13:47:26,18330,1,34.7811755952,-0.483928571429
2012-04-28 13:47:27,18331,1,34.1120535714,-0.669122023809
2012-04-28 13:47:28,18332,1,33.2351934524,-0.876860119048
2012-04-28 13:47:29,18333,1,32.0520089286,-1.18318452381
2012-04-28 13:47:30,18334,1,30.4022321429,-1.64977678571
2012-04-28 13:47:31,18335,1,28.1140625,-2.28816964286
2012-04-28 13:47:32,18336,1,25.1441964286,-2.96986607143
2012-04-28 13:47:33,18337,1,21.740625,-3.40357142857
2012-04-28 13:47:34,18338,1,18.4607142857,-3.27991071429
2012-04-28 13:47:35,18339,1,15.9484375,-2.51227678571
2012-04-28 13:47:36,18340,1,14.6191964286,-1.32924107143
2012-04-28 13:47:37,18341,1,14.5322172619,-0.0869791666666
2012-04-28 13:47:38,18342,1,15.5275297619,0.9953125
2012-04-28 13:47:39,18343,1,17.4243303571,1.89680059524
2012-04-28 13:47:40,18344,1,20.0700892857,2.64575892857
2012-04-28 13:47:41,18345,1,23.2548363095,3.18474702381
2012-04-28 13:47:42,18346,1,26.6601190476,3.4052827381
2012-04-28 13:47:43,18347,1,29.9394345238,3.27931547619
2012-04-28 13:47:44,18348,1,32.851860119,2.91242559524
2012-04-28 13:47:45,18349,1,35.3115327381,2.45967261905
2012-04-28 13:47:46,18350,1,37.3341517857,2.02261904762
2012-04-28 13:47:47,18351,1,38.9639880952,1.62983630952
2012-04-28 13:47:48,18352,1,40.2294642857,1.26547619048
2012-04-28 13:47:49,18353,1,41.1392113095,0.90974702381
2012-04-28 13:47:50,18354,1,41.7194196429,0.580208333333
2012-04-28 13:47:51,18355,1,42.0478422619,0.328422619048
2012-04-28 13:47:52,18356,1,42.2432291667,0.195386904762
2012-04-28 13:47:53,18357,1,42.417485119,0.174255952381
2012-04-28 13:47:54,18358,1,42.6239583333,0.206473214286
2012-04-28 13:47:55,18359,1,42.8479910714,0.224032738095
2012-04-28 13:47:56,18360,1,43.0507440476,0.20275297619
2012-04-28 13:47:57,18361,1,43.2175595238,0.166815476191
2012-04-28 13:47:58,18362,1,43.3693452381,0.151785714286
2012-04-28 13:47:59,18363,1,43.5414434524,0.172098214286
2012-04-28 13:48:00,18364,1,43.7573660714,0.215922619048
2012-04-28 13:48:01,18365,1,44.0212797619,0.263913690476
2012-04-28 13:48:02,18366,1,44.328125,0.306845238095
2012-04-28 13:48:03,18367,1,44.6696428571,0.341517857143
2012-04-28 13:48:04,18368,1,45.029985119,0.360342261905
2012-04-28 13:48:05,18369,1,45.387797619,0.3578125
2012-04-28 13:48:06,18370,1,45.7267113095,0.338913690476
2012-04-28 13:48:07,18371,1,46.0370535714,0.310342261905
2012-04-28 13:48:08,18372,1,46.3063988095,0.269345238095
2012-04-28 13:48:09,18373,1,46.5124255952,0.206026785714
2012-04-28 13:48:10,18374,1,46.6303571429,0.117931547619
2012-04-28 13:48:11,18375,1,46.6544642857,0.0241071428572
2012-04-28 13:48:12,18376,1,46.6144345238,-0.0400297619048
2012-04-28 13:48:13,18377,1,46.5615327381,-0.0529017857143
2012-04-28 13:48:14,18378,1,46.5251488095,-0.0363839285714
2012-04-28 13:48:15,18379,1,46.4881696429,-0.0369791666667
2012-04-28 13:48:16,18380,1,46.4182291667,-0.0699404761904
2012-04-28 13:48:17,18381,1,46.312202381,-0.106026785714
2012-04-28 13:48:18,18382,1,46.2008184524,-0.111383928571
2012-04-28 13:48:19,18383,1,46.1203125,-0.080505952381
2012-04-28 13:48:20,18384,1,46.0791666667,-0.0411458333333
2012-04-28 13:48:21,18385,1,46.0488839286,-0.0302827380953
2012-04-28 13:48:22,18386,1,45.9901041667,-0.0587797619047
2012-04-28 13:48:23,18387,1,45.8787946429,-0.11130952381
2012-04-28 13:48:24,18388,1,45.7082589286,-0.170535714286
2012-04-28 13:48:25,18389,1,45.4855654762,-0.222693452381
2012-04-28 13:48:26,18390,1,45.2316220238,-0.253943452381
2012-04-28 13:48:27,18391,1,44.9791666667,-0.252455357143
2012-04-28 13:48:28,18392,1,44.7681547619,-0.211011904762
2012-04-28 13:48:29,18393,1,44.6347470238,-0.133407738095
2012-04-28 13:48:30,18394,1,44.5944196429,-0.0403273809524
2012-04-28 13:48:31,18395,1,44.6336309524,0.0392113095238
2012-04-28 13:48:32,18396,1,44.7220238095,0.0883928571429
2012-04-28 13:48:33,18397,1,44.8347470238,0.112723214286
2012-04-28 13:48:34,18398,1,44.9628720238,0.128125
2012-04-28 13:48:35,18399,1,45.1072916667,0.144419642857
2012-04-28 13:48:36,18400,1,45.2633928571,0.156101190476
2012-04-28 13:48:37,18401,1,45.4043154762,0.140922619048
2012-04-28 13:48:38,18402,1,45.4773065476,0.0729910714286
2012-04-28 13:48:39,18403,1,45.4072172619,-0.0700892857143
2012-04-28 13:48:40,18404,1,45.091889881,-0.315327380952
2012-04-28 13:48:41,18405,1,44.4169642857,-0.674925595238
2012-04-28 13:48:42,18406,1,43.2951636905,-1.12180059524
2012-04-28 13:48:43,18407,1,41.679985119,-1.61517857143
2012-04-28 13:48:44,18408,1,39.557514881,-2.1224702381
2012-04-28 13:48:45,18409,1,36.9569196429,-2.6005952381
2012-04-28 13:48:46,18410,1,33.9733630952,-2.98355654762
2012-04-28 13:48:47,18411,1,30.7743303571,-3.1990327381
2012-04-28 13:48:48,18412,1,27.5580357143,-3.21629464286
2012-04-28 13:48:49,18413,1,24.4881696429,-3.06986607143
2012-04-28 13:48:50,18414,1,21.697172619,-2.79099702381
2012-04-28 13:48:51,18415,1,19.3652529762,-2.33191964286
2012-04-28 13:48:52,18416,1,17.7642857143,-1.6009672619
2012-04-28 13:48:53,18417,1,17.1758184524,-0.588467261905
2012-04-28 13:48:54,18418,1,17.7183779762,0.542559523809
2012-04-28 13:48:55,18419,1,19.2454613095,1.52708333333
2012-04-28 13:48:56,18420,1,21.421577381,2.17611607143
2012-04-28 13:48:57,18421,1,23.8911458333,2.46956845238
2012-04-28 13:48:58,18422,1,26.4001488095,2.50900297619
2012-04-28 13:48:59,18423,1,28.8207589286,2.42061011905
2012-04-28 13:49:00,18424,1,31.1032738095,2.28251488095
2012-04-28 13:49:01,18425,1,33.2121279762,2.10885416667
2012-04-28 13:49:02,18426,1,35.1007440476,1.88861607143
2012-04-28 13:49:03,18427,1,36.7275297619,1.62678571429
2012-04-28 13:49:04,18428,1,38.0571428571,1.32961309524
2012-04-28 13:49:05,18429,1,39.0287202381,0.971577380952
2012-04-28 13:49:06,18430,1,39.5488095238,0.520089285714
2012-04-28 13:49:07,18431,1,39.5281994048,-0.0206101190476
2012-04-28 13:49:08,18432,1,38.9202380952,-0.607961309524
2012-04-28 13:49:09,18433,1,37.7247767857,-1.19546130952
2012-04-28 13:49:10,18434,1,35.9332589286,-1.79151785714
2012-04-28 13:49:11,18435,1,33.4589285714,-2.47433035714
2012-04-28 13:49:12,18436,1,30.1686755952,-3.29025297619
2012-04-28 13:49:13,18437,1,26.0535714286,-4.11510416667
2012-04-28 13:49:14,18438,1,21.4116071429,-4.64196428571
2012-04-28 13:49:15,18439,1,16.8375744048,-4.5740327381
2012-04-28 13:49:16,18440,1,12.9773065476,-3.86026785714
2012-04-28 13:49:17,18441,1,10.260639881,-2.71666666667
2012-04-28 13:49:18,18442,1,8.79360119048,-1.46703869048
2012-04-28 13:49:19,18443,1,8.39873511905,-0.394866071429
2012-04-28 13:49:20,18444,1,8.73973214286,0.34099702381
2012-04-28 13:49:21,18445,1,9.45401785714,0.714285714286
2012-04-28 13:49:22,18446,1,10.2521577381,0.798139880952
2012-04-28 13:49:23,18447,1,10.9993303571,0.747172619048
2012-04-28 13:49:24,18448,1,11.7130952381,0.713764880952
2012-04-28 13:49:25,18449,1,12.4225446429,0.709449404762
2012-04-28 13:49:26,18450,1,13.0358630952,0.613318452381
2012-04-28 13:49:27,18451,1,13.3873511905,0.351488095238
2012-04-28 13:49:28,18452,1,13.4039434524,0.0165922619048
2012-04-28 13:49:29,18453,1,13.1799107143,-0.224032738095
2012-04-28 13:49:30,18454,1,12.8747767857,-0.305133928571
2012-04-28 13:49:31,18455,1,12.5720238095,-0.30275297619
2012-04-28 13:49:32,18456,1,12.2539434524,-0.318080357143
2012-04-28 13:49:33,18457,1,11.8908482143,-0.363095238095
2012-04-28 13:49:34,18458,1,11.5502232143,-0.340625
2012-04-28 13:49:35,18459,1,11.4421875,-0.108035714286
2012-04-28 13:49:36,18460,1,11.8524553571,0.410267857143
2012-04-28 13:49:37,18461,1,12.9797619048,1.12730654762
2012-04-28 13:49:38,18462,1,14.778125,1.79836309524
2012-04-28 13:49:39,18463,1,16.9220982143,2.14397321429
2012-04-28 13:49:40,18464,1,18.9491071429,2.02700892857
2012-04-28 13:49:41,18465,1,20.5040178571,1.55491071429
2012-04-28 13:49:42,18466,1,21.4886160714,0.984598214286
2012-04-28 13:49:43,18467,1,22.0031994048,0.514583333333
2012-04-28 13:49:44,18468,1,22.1949404762,0.191741071429
2012-04-28 13:49:45,18469,1,22.1674107143,-0.0275297619048
2012-04-28 13:49:46,18470,1,21.9805803571,-0.186830357143
2012-04-28 13:49:47,18471,1,21.6912202381,-0.289360119048
2012-04-28 13:49:48,18472,1,21.3511904762,-0.340029761905
2012-04-28 13:49:49,18473,1,20.9305803571,-0.420610119048
2012-04-28 13:49:50,18474,1,20.2619047619,-0.668675595238
2012-04-28 13:49:51,18475,1,19.1132440476,-1.14866071429
2012-04-28 13:49:52,18476,1,17.3579613095,-1.7552827381
2012-04-28 13:49:53,18477,1,15.1015625,-2.25639880952
2012-04-28 13:49:54,18478,1,12.6506696429,-2.45089285714
2012-04-28 13:49:55,18479,1,10.3398809524,-2.31078869048
2012-04-28 13:49:56,18480,1,8.35572916667,-1.98415178571
2012-04-28 13:49:57,18481,1,6.6709077381,-1.68482142857
2012-04-28 13:49:58,18482,1,5.10431547619,-1.5665922619
2012-04-28 13:49:59,18483,1,3.50617559524,-1.59813988095
2012-04-28 13:50:00,18484,1,2.0103422619,-1.49583333333
2012-04-28 13:50:01,18485,1,0.0,-2.0103422619
2012-04-28 13:55:49,18833,348,0.0,0.0
2012-04-28 13:55:50,18834,1,1.91168154762,1.91168154762
2012-04-28 13:55:51,18835,1,2.71927083333,0.807589285714
2012-04-28 13:55:52,18836,1,3.2170014881,0.497730654762
2012-04-28 13:55:53,18837,1,3.81369047619,0.596688988095
2012-04-28 13:55:54,18838,1,5.11685267857,1.30316220238
2012-04-28 13:55:55,18839,1,7.25364583333,2.13679315476
2012-04-28 13:55:56,18840,1,9.78816964286,2.53452380952
2012-04-28 13:55:57,18841,1,12.1156994048,2.3275297619
2012-04-28 13:55:58,18842,1,13.8954985119,1.77979910714
2012-04-28 13:55:59,18843,1,15.1854166667,1.28991815476
2012-04-28 13:56:00,18844,1,16.2252232143,1.03980654762
2012-04-28 13:56:01,18845,1,17.1710565476,0.945833333333
2012-04-28 13:56:02,18846,1,18.03125,0.860193452381
2012-04-28 13:56:03,18847,1,18.7438244048,0.712574404762
2012-04-28 13:56:04,18848,1,19.2764880952,0.532663690476
2012-04-28 13:56:05,18849,1,19.6892857143,0.412797619048
2012-04-28 13:56:06,18850,1,20.1097470238,0.420461309524
2012-04-28 13:56:07,18851,1,20.6379464286,0.528199404762
2012-04-28 13:56:08,18852,1,21.2677083333,0.629761904762
2012-04-28 13:56:09,18853,1,21.8775297619,0.609821428572
2012-04-28 13:56:10,18854,1,22.2648065476,0.387276785714
2012-04-28 13:56:11,18855,1,22.1616071429,-0.103199404762
2012-04-28 13:56:12,18856,1,21.2396577381,-0.921949404762
2012-04-28 13:56:13,18857,1,19.2249255952,-2.01473214286
2012-04-28 13:56:14,18858,1,16.1757440476,-3.04918154762
2012-04-28 13:56:15,18859,1,12.7029761905,-3.47276785714
2012-04-28 13:56:16,18860,1,9.8119047619,-2.89107142857
2012-04-28 13:56:17,18861,1,8.38556547619,-1.42633928571
2012-04-28 13:56:18,18862,1,8.71614583333,0.330580357143
2012-04-28 13:56:19,18863,1,10.4225446429,1.70639880952
2012-04-28 13:56:20,18864,1,12.731547619,2.30900297619
2012-04-28 13:56:21,18865,1,14.8799107143,2.14836309524
2012-04-28 13:56:22,18866,1,16.3819940476,1.50208333333
2012-04-28 13:56:23,18867,1,17.0513392857,0.669345238095
2012-04-28 13:56:24,18868,1,16.8955357143,-0.155803571429
2012-04-28 13:56:25,18869,1,16.0517113095,-0.843824404762
2012-04-28 13:56:26,18870,1,14.7597470238,-1.29196428571
2012-04-28 13:56:27,18871,1,13.3043154762,-1.45543154762
2012-04-28 13:56:28,18872,1,11.9359375,-1.36837797619
2012-04-28 13:56:29,18873,1,10.8147321429,-1.12120535714
2012-04-28 13:56:30,18874,1,10.0367559524,-0.777976190476
2012-04-28 13:56:31,18875,1,9.73898809524,-0.297767857143
2012-04-28 13:56:32,18876,1,10.1004464286,0.361458333333
2012-04-28 13:56:33,18877,1,11.1613839286,1.0609375
2012-04-28 13:56:34,18878,1,12.7198660714,1.55848214286
2012-04-28 13:56:35,18879,1,14.5038690476,1.78400297619
2012-04-28 13:56:36,18880,1,16.4386904762,1.93482142857
2012-04-28 13:56:37,18881,1,18.7056547619,2.26696428571
2012-04-28 13:56:38,18882,1,21.5098958333,2.80424107143
2012-04-28 13:56:39,18883,1,24.8004464286,3.29055059524
2012-04-28 13:56:40,18884,1,28.2526041667,3.4521577381
2012-04-28 13:56:41,18885,1,31.4967261905,3.24412202381
2012-04-28 13:56:42,18886,1,34.3128720238,2.81614583333
2012-04-28 13:56:43,18887,1,36.6494791667,2.33660714286
2012-04-28 13:56:44,18888,1,38.5599702381,1.91049107143
2012-04-28 13:56:45,18889,1,40.1476934524,1.58772321429
2012-04-28 13:56:46,18890,1,41.5123511905,1.3646577381
2012-04-28 13:56:47,18891,1,42.7063244048,1.19397321429
2012-04-28 13:56:48,18892,1,43.7299107143,1.02358630952
2012-04-28 13:56:49,18893,1,44.5555059524,0.825595238095
2012-04-28 13:56:50,18894,1,45.1645089286,0.60900297619
2012-04-28 13:56:51,18895,1,45.5789434524,0.414434523809
2012-04-28 13:56:52,18896,1,45.8561755952,0.277232142857
2012-04-28 13:56:53,18897,1,46.0513392857,0.195163690476
2012-04-28 13:56:54,18898,1,46.1871279762,0.135788690476
2012-04-28 13:56:55,18899,1,46.2551339286,0.0680059523809
2012-04-28 13:56:56,18900,1,46.2436011905,-0.0115327380952
2012-04-28 13:56:57,18901,1,46.1632440476,-0.0803571428572
2012-04-28 13:56:58,18902,1,46.045014881,-0.118229166667
2012-04-28 13:56:59,18903,1,45.9169642857,-0.128050595238
2012-04-28 13:57:00,18904,1,45.7889880952,-0.127976190476
2012-04-28 13:57:01,18905,1,45.6593005952,-0.1296875
2012-04-28 13:57:02,18906,1,45.524702381,-0.134598214286
2012-04-28 13:57:03,18907,1,45.357514881,-0.1671875
2012-04-28 13:57:04,18908,1,45.0410714286,-0.316443452381
2012-04-28 13:57:05,18909,1,44.337202381,-0.703869047619
2012-04-28 13:57:06,18910,1,42.9683779762,-1.36882440476
2012-04-28 13:57:07,18911,1,40.7682291667,-2.20014880952
2012-04-28 13:57:08,18912,1,37.7747767857,-2.99345238095
2012-04-28 13:57:09,18913,1,34.1985119048,-3.57626488095
2012-04-28 13:57:10,18914,1,30.2805059524,-3.91800595238
2012-04-28 13:57:11,18915,1,26.1461309524,-4.134375
2012-04-28 13:57:12,18916,1,21.784077381,-4.36205357143
2012-04-28 13:57:13,18917,1,17.1610119048,-4.62306547619
2012-04-28 13:57:14,18918,1,12.3831845238,-4.77782738095
2012-04-28 13:57:15,18919,1,7.81354166667,-4.56964285714
2012-04-28 13:57:16,18920,1,4.05505952381,-3.75848214286
2012-04-28 13:57:17,18921,1,0.0,-4.05505952381
2012-04-28 13:57:53,18957,36,0.0,0.0
2012-04-28 13:57:54,18958,1,1.43452380952,1.43452380952
2012-04-28 13:57:55,18959,1,2.67648809524,1.24196428571
2012-04-28 13:57:56,18960,1,4.52782738095,1.85133928571
2012-04-28 13:57:57,18961,1,7.09166666667,2.56383928571
2012-04-28 13:57:58,18962,1,10.309375,3.21770833333
2012-04-28 13:57:59,18963,1,13.7897321429,3.48035714286
2012-04-28 13:58:00,18964,1,17.0563244048,3.2665922619
2012-04-28 13:58:01,18965,1,19.8798363095,2.82351190476
2012-04-28 13:58:02,18966,1,22.2954613095,2.415625
2012-04-28 13:58:03,18967,1,24.3651785714,2.0697172619
2012-04-28 13:58:04,18968,1,26.0711309524,1.70595238095
2012-04-28 13:58:05,18969,1,27.4416666667,1.37053571429
2012-04-28 13:58:06,18970,1,28.6598958333,1.21822916667
2012-04-28 13:58:07,18971,1,29.9857886905,1.32589285714
2012-04-28 13:58:08,18972,1,31.5691220238,1.58333333333
2012-04-28 13:58:09,18973,1,33.3339285714,1.76480654762
2012-04-28 13:58:10,18974,1,35.0337797619,1.69985119048
2012-04-28 13:58:11,18975,1,36.417485119,1.38370535714
2012-04-28 13:58:12,18976,1,37.3838541667,0.966369047619
2012-04-28 13:58:13,18977,1,38.0357886905,0.65193452381
2012-04-28 13:58:14,18978,1,38.6043154762,0.568526785714
2012-04-28 13:58:15,18979,1,39.2961309524,0.69181547619
2012-04-28 13:58:16,18980,1,40.1670386905,0.870907738095
2012-04-28 13:58:17,18981,1,41.1211309524,0.954092261905
2012-04-28 13:58:18,18982,1,42.0339285714,0.912797619048
2012-04-28 13:58:19,18983,1,42.8465029762,0.812574404762
2012-04-28 13:58:20,18984,1,43.5305059524,0.68400297619
2012-04-28 13:58:21,18985,1,44.0203125,0.489806547619
2012-04-28 13:58:22,18986,1,44.2422619048,0.221949404762
2012-04-28 13:58:23,18987,1,44.2235863095,-0.0186755952381
2012-04-28 13:58:24,18988,1,44.128125,-0.0954613095238
2012-04-28 13:58:25,18989,1,44.1400297619,0.0119047619048
2012-04-28 13:58:26,18990,1,44.3191220238,0.179092261905
2012-04-28 13:58:27,18991,1,44.5732142857,0.254092261905
2012-04-28 13:58:28,18992,1,44.7623511905,0.189136904762
2012-04-28 13:58:29,18993,1,44.8435267857,0.0811755952381
2012-04-28 13:58:30,18994,1,44.9069940476,0.0634672619047
2012-04-28 13:58:31,18995,1,45.0636904762,0.156696428572
2012-04-28 13:58:32,18996,1,45.33125,0.267559523809
2012-04-28 13:58:33,18997,1,45.634375,0.303125
2012-04-28 13:58:34,18998,1,45.879389881,0.245014880952
2012-04-28 13:58:35,18999,1,46.0243303571,0.14494047619
2012-04-28 13:58:36,19000,1,46.0949404762,0.0706101190476
2012-04-28 13:58:37,19001,1,46.1369047619,0.0419642857143
2012-04-28 13:58:38,19002,1,46.1600446429,0.0231398809523
2012-04-28 13:58:39,19003,1,46.1308779762,-0.0291666666666
2012-04-28 13:58:40,19004,1,46.001860119,-0.129017857143
2012-04-28 13:58:41,19005,1,45.7448660714,-0.256994047619
2012-04-28 13:58:42,19006,1,45.3677083333,-0.377157738095
2012-04-28 13:58:43,19007,1,44.9047619048,-0.462946428571
2012-04-28 13:58:44,19008,1,44.4036458333,-0.501116071429
2012-04-28 13:58:45,19009,1,43.9031994048,-0.500446428571
2012-04-28 13:58:46,19010,1,43.3598958333,-0.543303571429
2012-04-28 13:58:47,19011,1,42.5686755952,-0.791220238095
2012-04-28 13:58:48,19012,1,41.2201636905,-1.34851190476
2012-04-28 13:58:49,19013,1,39.1384672619,-2.08169642857
2012-04-28 13:58:50,19014,1,36.5286458333,-2.60982142857
2012-04-28 13:58:51,19015,1,33.9720238095,-2.55662202381
2012-04-28 13:58:52,19016,1,32.0491071429,-1.92291666667
2012-04-28 13:58:53,19017,1,30.8176339286,-1.23147321429
2012-04-28 13:58:54,19018,1,29.6472470238,-1.17038690476
2012-04-28 13:58:55,19019,1,27.6325892857,-2.0146577381
2012-04-28 13:58:56,19020,1,24.2129464286,-3.41964285714
2012-04-28 13:58:57,19021,1,19.494047619,-4.71889880952
2012-04-28 13:58:58,19022,1,14.1148809524,-5.37916666667
2012-04-28 13:58:59,19023,1,8.89642857143,-5.21845238095
2012-04-28 13:59:00,19024,1,4.66264880952,-4.2337797619
2012-04-28 13:59:01,19025,1,0.0,-4.66264880952
2012-04-28 14:00:34,19118,93,0.0,0.0
2012-04-28 14:00:35,19119,1,4.4171875,4.4171875
2012-04-28 14:00:36,19120,1,7.92678571429,3.50959821429
2012-04-28 14:00:37,19121,1,11.6150297619,3.68824404762
2012-04-28 14:00:38,19122,1,14.773735119,3.15870535714
2012-04-28 14:00:39,19123,1,17.3017113095,2.52797619048
2012-04-28 14:00:40,19124,1,19.5165922619,2.21488095238
2012-04-28 14:00:41,19125,1,21.8016369048,2.28504464286
2012-04-28 14:00:42,19126,1,24.3285714286,2.52693452381
2012-04-28 14:00:43,19127,1,27.0053571429,2.67678571429
2012-04-28 14:00:44,19128,1,29.6038690476,2.59851190476
2012-04-28 14:00:45,19129,1,31.9097470238,2.30587797619
2012-04-28 14:00:46,19130,1,33.7813244048,1.87157738095
2012-04-28 14:00:47,19131,1,35.1352678571,1.35394345238
2012-04-28 14:00:48,19132,1,35.9372767857,0.802008928571
2012-04-28 14:00:49,19133,1,36.2189732143,0.281696428571
2012-04-28 14:00:50,19134,1,36.0743303571,-0.144642857143
2012-04-28 14:00:51,19135,1,35.5950892857,-0.479241071429
2012-04-28 14:00:52,19136,1,34.7949404762,-0.800148809524
2012-04-28 14:00:53,19137,1,33.620610119,-1.17433035714
2012-04-28 14:00:54,19138,1,32.0258184524,-1.59479166667
2012-04-28 14:00:55,19139,1,29.9947916667,-2.03102678571
2012-04-28 14:00:56,19140,1,27.5212797619,-2.47351190476
2012-04-28 14:00:57,19141,1,24.6462797619,-2.875
2012-04-28 14:00:58,19142,1,21.5711309524,-3.07514880952
2012-04-28 14:00:59,19143,1,18.7261904762,-2.84494047619
2012-04-28 14:01:00,19144,1,16.6636904762,-2.0625
2012-04-28 14:01:01,19145,1,15.8,-0.86369047619
2012-04-28 14:01:02,19146,1,16.1879464286,0.387946428571
2012-04-28 14:01:03,19147,1,17.4792410714,1.29129464286
2012-04-28 14:01:04,19148,1,19.0759672619,1.59672619048
2012-04-28 14:01:05,19149,1,20.3480654762,1.27209821429
2012-04-28 14:01:06,19150,1,20.8169642857,0.468898809524
2012-04-28 14:01:07,19151,1,20.2705357143,-0.546428571429
2012-04-28 14:01:08,19152,1,18.8001488095,-1.47038690476
2012-04-28 14:01:09,19153,1,16.7628720238,-2.03727678571
2012-04-28 14:01:10,19154,1,14.6758184524,-2.08705357143
2012-04-28 14:01:11,19155,1,13.0709821429,-1.60483630952
2012-04-28 14:01:12,19156,1,12.3298363095,-0.741145833333
2012-04-28 14:01:13,19157,1,12.5029761905,0.173139880952
2012-04-28 14:01:14,19158,1,13.2511904762,0.748214285714
2012-04-28 14:01:15,19159,1,14.0761904762,0.825
2012-04-28 14:01:16,19160,1,14.6963541667,0.620163690476
2012-04-28 14:01:17,19161,1,15.1931547619,0.496800595238
2012-04-28 14:01:18,19162,1,15.7851934524,0.592038690476
2012-04-28 14:01:19,19163,1,16.4860863095,0.700892857143
2012-04-28 14:01:20,19164,1,17.0101934524,0.524107142857
2012-04-28 14:01:21,19165,1,17.020014881,0.0098214285714
2012-04-28 14:01:22,19166,1,16.4511904762,-0.568824404762
2012-04-28 14:01:23,19167,1,15.5665178571,-0.884672619048
2012-04-28 14:01:24,19168,1,14.6979910714,-0.868526785714
2012-04-28 14:01:25,19169,1,13.9902529762,-0.707738095238
2012-04-28 14:01:26,19170,1,13.3918154762,-0.5984375
2012-04-28 14:01:27,19171,1,12.8102678571,-0.581547619048
2012-04-28 14:01:28,19172,1,12.2401041667,-0.570163690476
2012-04-28 14:01:29,19173,1,11.768452381,-0.471651785714
2012-04-28 14:01:30,19174,1,11.4552827381,-0.313169642857
2012-04-28 14:01:31,19175,1,11.2040178571,-0.251264880952
2012-04-28 14:01:32,19176,1,10.7967261905,-0.407291666667
2012-04-28 14:01:33,19177,1,10.0790922619,-0.717633928571
2012-04-28 14:01:34,19178,1,9.0584077381,-1.02068452381
2012-04-28 14:01:35,19179,1,7.81837797619,-1.2400297619
2012-04-28 14:01:36,19180,1,6.44099702381,-1.37738095238
2012-04-28 14:01:37,19181,1,5.03980654762,-1.40119047619
2012-04-28 14:01:38,19182,1,3.7869047619,-1.25290178571
2012-04-28 14:01:39,19183,1,2.86026785714,-0.926636904762
2012-04-28 14:01:40,19184,1,2.34025297619,-0.520014880952
2012-04-28 14:01:41,19185,1,2.16145833333,-0.178794642857
2012-04-28 14:01:42,19186,1,2.20267857143,0.0412202380952
2012-04-28 14:01:43,19187,1,2.34312287415,0.140444302721
2012-04-28 14:01:44,19188,1,2.3753295068,0.0322066326531
2012-04-28 14:01:45,19189,1,2.05153061224,-0.323798894558
2012-04-28 14:01:46,19190,1,1.42244897959,-0.629081632653
2012-04-28 14:01:47,19191,1,0.0,-1.42244897959
