timestamp,cycle_sec,timestep,speed_mph,accel_meters_ps
2012-07-08 09:26:16,0,36725,0.0,0.0
2012-07-08 09:26:17,1,1,1.60208333333,1.60208333333
2012-07-08 09:26:18,2,1,2.43608630952,0.83400297619
2012-07-08 09:26:19,3,1,2.94895833333,0.51287202381
2012-07-08 09:26:20,4,1,3.02585565476,0.0768973214286
2012-07-08 09:26:21,5,1,2.82464657738,-0.201209077381
2012-07-08 09:26:22,6,1,2.5326264881,-0.292020089286
2012-07-08 09:26:23,7,1,2.28115699405,-0.251469494048
2012-07-08 09:26:24,8,1,2.15063244048,-0.130524553571
2012-07-08 09:26:25,9,1,2.15437127976,0.00373883928572
2012-07-08 09:26:26,10,1,2.24014136905,0.0857700892857
2012-07-08 09:26:27,11,1,2.34955357143,0.109412202381
2012-07-08 09:26:28,12,1,2.4626860119,0.113132440476
2012-07-08 09:26:29,13,1,2.57085193452,0.108165922619
2012-07-08 09:26:30,14,1,2.63054315476,0.0596912202381
2012-07-08 09:26:31,15,1,2.57933407738,-0.051209077381
2012-07-08 09:26:32,16,1,2.41938244048,-0.159951636905
2012-07-08 09:26:33,17,1,2.28859747024,-0.130784970238
2012-07-08 09:26:34,18,1,2.42191220238,0.133314732143
2012-07-08 09:26:35,19,1,3.00052083333,0.578608630952
2012-07-08 09:26:36,20,1,4.01941964286,1.01889880952
2012-07-08 09:26:37,21,1,5.2947172619,1.27529761905
2012-07-08 09:26:38,22,1,6.58898809524,1.29427083333
2012-07-08 09:26:39,23,1,7.74114583333,1.1521577381
2012-07-08 09:26:40,24,1,8.71004464286,0.968898809524
2012-07-08 09:26:41,25,1,9.52834821429,0.818303571429
2012-07-08 09:26:42,26,1,10.240327381,0.711979166667
2012-07-08 09:26:43,27,1,10.8780505952,0.637723214286
2012-07-08 09:26:44,28,1,11.460639881,0.582589285714
2012-07-08 09:26:45,29,1,11.990327381,0.5296875
2012-07-08 09:26:46,30,1,12.4480654762,0.457738095238
2012-07-08 09:26:47,31,1,12.8008928571,0.352827380952
2012-07-08 09:26:48,32,1,13.0242559524,0.223363095238
2012-07-08 09:26:49,33,1,13.1256696429,0.101413690476
2012-07-08 09:26:50,34,1,13.1483630952,0.022693452381
2012-07-08 09:26:51,35,1,13.1509672619,0.0026041666667
2012-07-08 09:26:52,36,1,13.1766369048,0.0256696428571
2012-07-08 09:26:53,37,1,13.232514881,0.0558779761905
2012-07-08 09:26:54,38,1,13.299702381,0.0671875
2012-07-08 09:26:55,39,1,13.3577380952,0.0580357142857
2012-07-08 09:26:56,40,1,13.3866815476,0.0289434523809
2012-07-08 09:26:57,41,1,13.3569940476,-0.0296875
2012-07-08 09:26:58,42,1,13.2398809524,-0.117113095238
2012-07-08 09:26:59,43,1,13.0198660714,-0.220014880952
2012-07-08 09:27:00,44,1,12.6641369048,-0.355729166667
2012-07-08 09:27:01,45,1,12.0718005952,-0.592336309524
2012-07-08 09:27:02,46,1,11.1170386905,-0.954761904762
2012-07-08 09:27:03,47,1,9.83043154762,-1.28660714286
2012-07-08 09:27:04,48,1,8.54419642857,-1.28623511905
2012-07-08 09:27:05,49,1,7.78296130952,-0.761235119048
2012-07-08 09:27:06,50,1,7.94441964286,0.161458333333
2012-07-08 09:27:07,51,1,9.05669642857,1.11227678571
2012-07-08 09:27:08,52,1,10.8210565476,1.76436011905
2012-07-08 09:27:09,53,1,12.8641369048,2.04308035714
2012-07-08 09:27:10,54,1,14.9465029762,2.08236607143
2012-07-08 09:27:11,55,1,16.973139881,2.02663690476
2012-07-08 09:27:12,56,1,18.8962053571,1.92306547619
2012-07-08 09:27:13,57,1,20.6750744048,1.77886904762
2012-07-08 09:27:14,58,1,22.3011160714,1.62604166667
2012-07-08 09:27:15,59,1,23.7967261905,1.49561011905
2012-07-08 09:27:16,60,1,25.1808035714,1.38407738095
2012-07-08 09:27:17,61,1,26.4569196429,1.27611607143
2012-07-08 09:27:18,62,1,27.633110119,1.17619047619
2012-07-08 09:27:19,63,1,28.7380208333,1.10491071429
2012-07-08 09:27:20,64,1,29.8173363095,1.07931547619
2012-07-08 09:27:21,65,1,30.9165922619,1.09925595238
2012-07-08 09:27:22,66,1,32.057514881,1.14092261905
2012-07-08 09:27:23,67,1,33.2252232143,1.16770833333
2012-07-08 09:27:24,68,1,34.3780505952,1.15282738095
2012-07-08 09:27:25,69,1,35.4655505952,1.0875
2012-07-08 09:27:26,70,1,36.4430059524,0.977455357143
2012-07-08 09:27:27,71,1,37.2832589286,0.84025297619
2012-07-08 09:27:28,72,1,37.9811011905,0.697842261905
2012-07-08 09:27:29,73,1,38.5497767857,0.568675595238
2012-07-08 09:27:30,74,1,39.0152529762,0.465476190476
2012-07-08 09:27:31,75,1,39.4063988095,0.391145833333
2012-07-08 09:27:32,76,1,39.7414434524,0.335044642857
2012-07-08 09:27:33,77,1,40.0211309524,0.2796875
2012-07-08 09:27:34,78,1,40.2347470238,0.213616071428
2012-07-08 09:27:35,79,1,40.3753720238,0.140625
2012-07-08 09:27:36,80,1,40.4609375,0.0855654761905
2012-07-08 09:27:37,81,1,40.5446428571,0.0837053571429
2012-07-08 09:27:38,82,1,40.6749255952,0.130282738095
2012-07-08 09:27:39,83,1,40.805952381,0.131026785714
2012-07-08 09:27:40,84,1,40.7484375,-0.0575148809524
2012-07-08 09:27:41,85,1,40.2486607143,-0.499776785714
2012-07-08 09:27:42,86,1,39.1650297619,-1.08363095238
2012-07-08 09:27:43,87,1,37.5999255952,-1.56510416667
2012-07-08 09:27:44,88,1,35.8546130952,-1.7453125
2012-07-08 09:27:45,89,1,34.2337797619,-1.62083333333
2012-07-08 09:27:46,90,1,32.8851190476,-1.34866071429
2012-07-08 09:27:47,91,1,31.8081845238,-1.07693452381
2012-07-08 09:27:48,92,1,30.9740327381,-0.834151785714
2012-07-08 09:27:49,93,1,30.4144345238,-0.559598214286
2012-07-08 09:27:50,94,1,30.2037946429,-0.210639880952
2012-07-08 09:27:51,95,1,30.3563988095,0.152604166667
2012-07-08 09:27:52,96,1,30.7486607143,0.392261904762
2012-07-08 09:27:53,97,1,31.1692708333,0.420610119048
2012-07-08 09:27:54,98,1,31.4569940476,0.287723214286
2012-07-08 09:27:55,99,1,31.5882440476,0.13125
2012-07-08 09:27:56,100,1,31.6533482143,0.0651041666666
2012-07-08 09:27:57,101,1,31.7651041667,0.111755952381
2012-07-08 09:27:58,102,1,31.967485119,0.202380952381
2012-07-08 09:27:59,103,1,32.2072172619,0.239732142857
2012-07-08 09:28:00,104,1,32.3847470238,0.177529761905
2012-07-08 09:28:01,105,1,32.4228422619,0.0380952380953
2012-07-08 09:28:02,106,1,32.3005208333,-0.122321428571
2012-07-08 09:28:03,107,1,32.0627232143,-0.237797619048
2012-07-08 09:28:04,108,1,31.8052083333,-0.257514880952
2012-07-08 09:28:05,109,1,31.6249255952,-0.180282738095
2012-07-08 09:28:06,110,1,31.5749255952,-0.05
2012-07-08 09:28:07,111,1,31.6607886905,0.0858630952381
2012-07-08 09:28:08,112,1,31.8656994048,0.204910714286
2012-07-08 09:28:09,113,1,32.1716517857,0.305952380952
2012-07-08 09:28:10,114,1,32.5488095238,0.377157738095
2012-07-08 09:28:11,115,1,32.9133184524,0.364508928571
2012-07-08 09:28:12,116,1,33.1006696429,0.187351190476
2012-07-08 09:28:13,117,1,32.909077381,-0.191592261905
2012-07-08 09:28:14,118,1,32.2045386905,-0.704538690476
2012-07-08 09:28:15,119,1,31.0110863095,-1.19345238095
2012-07-08 09:28:16,120,1,29.512797619,-1.49828869048
2012-07-08 09:28:17,121,1,27.9436755952,-1.56912202381
2012-07-08 09:28:18,122,1,26.4191220238,-1.52455357143
2012-07-08 09:28:19,123,1,24.8432291667,-1.57589285714
2012-07-08 09:28:20,124,1,22.9877232143,-1.85550595238
2012-07-08 09:28:21,125,1,20.695014881,-2.29270833333
2012-07-08 09:28:22,126,1,18.0461309524,-2.64888392857
2012-07-08 09:28:23,127,1,15.3322916667,-2.71383928571
2012-07-08 09:28:24,128,1,12.8445684524,-2.48772321429
2012-07-08 09:28:25,129,1,10.6990327381,-2.14553571429
2012-07-08 09:28:26,130,1,8.85446428571,-1.84456845238
2012-07-08 09:28:27,131,1,7.25364583333,-1.60081845238
2012-07-08 09:28:28,132,1,5.93489583333,-1.31875
2012-07-08 09:28:29,133,1,5.04568452381,-0.889211309524
2012-07-08 09:28:30,134,1,4.778125,-0.26755952381
2012-07-08 09:28:31,135,1,5.26026785714,0.482142857143
2012-07-08 09:28:32,136,1,6.44583333333,1.18556547619
2012-07-08 09:28:33,137,1,8.08258928571,1.63675595238
2012-07-08 09:28:34,138,1,9.82433035714,1.74174107143
2012-07-08 09:28:35,139,1,11.4293154762,1.60498511905
2012-07-08 09:28:36,140,1,12.8714285714,1.44211309524
2012-07-08 09:28:37,141,1,14.2663690476,1.39494047619
2012-07-08 09:28:38,142,1,15.7038690476,1.4375
2012-07-08 09:28:39,143,1,17.1476934524,1.44382440476
2012-07-08 09:28:40,144,1,18.5047619048,1.35706845238
2012-07-08 09:28:41,145,1,19.7805059524,1.27574404762
2012-07-08 09:28:42,146,1,21.0969494048,1.31644345238
2012-07-08 09:28:43,147,1,22.553125,1.45617559524
2012-07-08 09:28:44,148,1,24.1227678571,1.56964285714
2012-07-08 09:28:45,149,1,25.6709077381,1.54813988095
2012-07-08 09:28:46,150,1,27.0585565476,1.38764880952
2012-07-08 09:28:47,151,1,28.2603422619,1.20178571429
2012-07-08 09:28:48,152,1,29.3603422619,1.1
2012-07-08 09:28:49,153,1,30.4369047619,1.0765625
2012-07-08 09:28:50,154,1,31.4993303571,1.06242559524
2012-07-08 09:28:51,155,1,32.515327381,1.01599702381
2012-07-08 09:28:52,156,1,33.4445684524,0.929241071428
2012-07-08 09:28:53,157,1,34.2521577381,0.807589285714
2012-07-08 09:28:54,158,1,34.922172619,0.670014880952
2012-07-08 09:28:55,159,1,35.4503720238,0.528199404762
2012-07-08 09:28:56,160,1,35.8121279762,0.361755952381
2012-07-08 09:28:57,161,1,35.9744047619,0.162276785714
2012-07-08 09:28:58,162,1,35.9494047619,-0.025
2012-07-08 09:28:59,163,1,35.7601934524,-0.189211309524
2012-07-08 09:29:00,164,1,35.3428571429,-0.417336309524
2012-07-08 09:29:01,165,1,34.6073660714,-0.735491071428
2012-07-08 09:29:02,166,1,33.6197916667,-0.987574404762
2012-07-08 09:29:03,167,1,32.6159970238,-1.00379464286
2012-07-08 09:29:04,168,1,31.811235119,-0.804761904762
2012-07-08 09:29:05,169,1,31.1880952381,-0.623139880952
2012-07-08 09:29:06,170,1,30.4410714286,-0.747023809524
2012-07-08 09:29:07,171,1,29.2141369048,-1.22693452381
2012-07-08 09:29:08,172,1,27.4178571429,-1.7962797619
2012-07-08 09:29:09,173,1,25.2218005952,-2.19605654762
2012-07-08 09:29:10,174,1,22.8022321429,-2.41956845238
2012-07-08 09:29:11,175,1,20.2210565476,-2.58117559524
2012-07-08 09:29:12,176,1,17.4921875,-2.72886904762
2012-07-08 09:29:13,177,1,14.6667198129,-2.82546768707
2012-07-08 09:29:14,178,1,11.8464019983,-2.82031781463
2012-07-08 09:29:15,179,1,9.1493835034,-2.6970184949
2012-07-08 09:29:16,180,1,6.70659545068,-2.44278805272
2012-07-08 09:29:17,181,1,4.6834502551,-2.02314519558
2012-07-08 09:29:18,182,1,3.23805272109,-1.44539753401
2012-07-08 09:29:19,183,1,2.42385204082,-0.814200680272
2012-07-08 09:29:20,184,1,2.13263711735,-0.291214923469
2012-07-08 09:29:21,185,1,2.13948767007,0.00685055272109
2012-07-08 09:29:22,186,1,2.23360437925,0.0941167091837
2012-07-08 09:29:23,187,1,2.31776147959,0.0841571003401
2012-07-08 09:29:24,188,1,2.38571428571,0.0679528061225
2012-07-08 09:29:25,189,1,2.45,0.0642857142857
2012-07-08 09:29:26,190,1,2.51428571429,0.0642857142857
2012-07-08 09:29:27,191,1,2.57390518707,0.0596194727891
2012-07-08 09:29:28,192,1,2.6129730017,0.0390678146258
2012-07-08 09:29:29,193,1,2.6406462585,0.0276732568027
2012-07-08 09:29:30,194,1,2.78462478741,0.143978528912
2012-07-08 09:29:31,195,1,3.31253188776,0.52790710034
2012-07-08 09:29:32,196,1,4.48002763605,1.1674957483
2012-07-08 09:29:33,197,1,6.34110331633,1.86107568027
2012-07-08 09:29:34,198,1,8.70910395408,2.36800063776
2012-07-08 09:29:35,199,1,11.3020301871,2.59292623299
2012-07-08 09:29:36,200,1,13.9552349065,2.65320471939
2012-07-08 09:29:37,201,1,16.6928039966,2.73756909014
2012-07-08 09:29:38,202,1,19.5966517857,2.90384778912
2012-07-08 09:29:39,203,1,22.6774553571,3.08080357143
2012-07-08 09:29:40,204,1,25.8872767857,3.20982142857
2012-07-08 09:29:41,205,1,29.1785714286,3.29129464286
2012-07-08 09:29:42,206,1,32.5109375,3.33236607143
2012-07-08 09:29:43,207,1,35.8252232143,3.31428571429
2012-07-08 09:29:44,208,1,39.034672619,3.20944940476
2012-07-08 09:29:45,209,1,42.0465029762,3.01183035714
2012-07-08 09:29:46,210,1,44.7918154762,2.7453125
2012-07-08 09:29:47,211,1,47.2323660714,2.44055059524
2012-07-08 09:29:48,212,1,49.3433779762,2.11101190476
2012-07-08 09:29:49,213,1,51.1114583333,1.76808035714
2012-07-08 09:29:50,214,1,52.5556547619,1.44419642857
2012-07-08 09:29:51,215,1,53.7272321429,1.17157738095
2012-07-08 09:29:52,216,1,54.6800595238,0.952827380952
2012-07-08 09:29:53,217,1,55.4499255952,0.769866071429
2012-07-08 09:29:54,218,1,56.0587797619,0.608854166667
2012-07-08 09:29:55,219,1,56.5310267857,0.47224702381
2012-07-08 09:29:56,220,1,56.8959821429,0.364955357143
2012-07-08 09:29:57,221,1,57.1640625,0.268080357143
2012-07-08 09:29:58,222,1,57.3241815476,0.160119047619
2012-07-08 09:29:59,223,1,57.4118303571,0.0876488095239
2012-07-08 09:30:00,224,1,57.5672619048,0.155431547619
2012-07-08 09:30:01,225,1,57.9499255952,0.382663690476
2012-07-08 09:30:02,226,1,58.5656994048,0.615773809524
2012-07-08 09:30:03,227,1,59.2086309524,0.642931547619
2012-07-08 09:30:04,228,1,59.5892857143,0.380654761905
2012-07-08 09:30:05,229,1,59.5380952381,-0.0511904761905
2012-07-08 09:30:06,230,1,59.1038690476,-0.434226190476
2012-07-08 09:30:07,231,1,58.4581845238,-0.645684523809
2012-07-08 09:30:08,232,1,57.7348214286,-0.723363095238
2012-07-08 09:30:09,233,1,56.9739583333,-0.760863095238
2012-07-08 09:30:10,234,1,56.1744047619,-0.799553571429
2012-07-08 09:30:11,235,1,55.3843005952,-0.790104166667
2012-07-08 09:30:12,236,1,54.7473214286,-0.636979166667
2012-07-08 09:30:13,237,1,54.4370535714,-0.310267857143
2012-07-08 09:30:14,238,1,54.5407738095,0.103720238095
2012-07-08 09:30:15,239,1,54.9938988095,0.453125
2012-07-08 09:30:16,240,1,55.5999255952,0.606026785714
2012-07-08 09:30:17,241,1,56.1438988095,0.543973214286
2012-07-08 09:30:18,242,1,56.5192708333,0.37537202381
2012-07-08 09:30:19,243,1,56.7442708333,0.225
2012-07-08 09:30:20,244,1,56.8933035714,0.149032738095
2012-07-08 09:30:21,245,1,57.0389880952,0.145684523809
2012-07-08 09:30:22,246,1,57.2158482143,0.176860119048
2012-07-08 09:30:23,247,1,57.4066220238,0.190773809524
2012-07-08 09:30:24,248,1,57.5683779762,0.161755952381
2012-07-08 09:30:25,249,1,57.6712797619,0.102901785714
2012-07-08 09:30:26,250,1,57.7222470238,0.0509672619047
2012-07-08 09:30:27,251,1,57.7671130952,0.0448660714286
2012-07-08 09:30:28,252,1,57.8570684524,0.0899553571429
2012-07-08 09:30:29,253,1,58.0005208333,0.143452380952
2012-07-08 09:30:30,254,1,58.1526785714,0.152157738095
2012-07-08 09:30:31,255,1,58.2438988095,0.0912202380952
2012-07-08 09:30:32,256,1,58.2144345238,-0.0294642857143
2012-07-08 09:30:33,257,1,58.037202381,-0.177232142857
2012-07-08 09:30:34,258,1,57.7087797619,-0.328422619048
2012-07-08 09:30:35,259,1,57.2256696429,-0.483110119048
2012-07-08 09:30:36,260,1,56.5958333333,-0.629836309524
2012-07-08 09:30:37,261,1,55.8696428571,-0.72619047619
2012-07-08 09:30:38,262,1,55.1375,-0.732142857143
2012-07-08 09:30:39,263,1,54.4951636905,-0.642336309524
2012-07-08 09:30:40,264,1,54.0046130952,-0.490550595238
2012-07-08 09:30:41,265,1,53.6666666667,-0.337946428571
2012-07-08 09:30:42,266,1,53.420014881,-0.246651785714
2012-07-08 09:30:43,267,1,53.1765625,-0.243452380952
2012-07-08 09:30:44,268,1,52.8786458333,-0.297916666667
2012-07-08 09:30:45,269,1,52.5452380952,-0.333407738095
2012-07-08 09:30:46,270,1,52.2782738095,-0.266964285714
2012-07-08 09:30:47,271,1,52.2060267857,-0.0722470238095
2012-07-08 09:30:48,272,1,52.3834077381,0.177380952381
2012-07-08 09:30:49,273,1,52.7390625,0.355654761905
2012-07-08 09:30:50,274,1,53.1285714286,0.389508928571
2012-07-08 09:30:51,275,1,53.4433035714,0.314732142857
2012-07-08 09:30:52,276,1,53.6824404762,0.239136904762
2012-07-08 09:30:53,277,1,53.937202381,0.254761904762
2012-07-08 09:30:54,278,1,54.309672619,0.372470238095
2012-07-08 09:30:55,279,1,54.8409970238,0.531324404762
2012-07-08 09:30:56,280,1,55.4947172619,0.653720238095
2012-07-08 09:30:57,281,1,56.1818452381,0.68712797619
2012-07-08 09:30:58,282,1,56.8071428571,0.625297619048
2012-07-08 09:30:59,283,1,57.3171130952,0.509970238095
2012-07-08 09:31:00,284,1,57.7146577381,0.397544642857
2012-07-08 09:31:01,285,1,58.0305803571,0.315922619048
2012-07-08 09:31:02,286,1,58.2882440476,0.257663690476
2012-07-08 09:31:03,287,1,58.4948660714,0.20662202381
2012-07-08 09:31:04,288,1,58.6482142857,0.153348214286
2012-07-08 09:31:05,289,1,58.7289434524,0.0807291666666
2012-07-08 09:31:06,290,1,58.6865327381,-0.0424107142857
2012-07-08 09:31:07,291,1,58.4552083333,-0.231324404762
2012-07-08 09:31:08,292,1,58.0036458333,-0.4515625
2012-07-08 09:31:09,293,1,57.376860119,-0.626785714286
2012-07-08 09:31:10,294,1,56.6770089286,-0.699851190476
2012-07-08 09:31:11,295,1,55.9790922619,-0.697916666667
2012-07-08 09:31:12,296,1,55.2703869048,-0.708705357143
2012-07-08 09:31:13,297,1,54.4854910714,-0.784895833333
2012-07-08 09:31:14,298,1,53.5754464286,-0.910044642857
2012-07-08 09:31:15,299,1,52.534077381,-1.04136904762
2012-07-08 09:31:16,300,1,51.390922619,-1.1431547619
2012-07-08 09:31:17,301,1,50.1900297619,-1.20089285714
2012-07-08 09:31:18,302,1,48.9674107143,-1.22261904762
2012-07-08 09:31:19,303,1,47.7383928571,-1.22901785714
2012-07-08 09:31:20,304,1,46.4777529762,-1.26063988095
2012-07-08 09:31:21,305,1,45.1155505952,-1.36220238095
2012-07-08 09:31:22,306,1,43.5966517857,-1.51889880952
2012-07-08 09:31:23,307,1,41.959077381,-1.63757440476
2012-07-08 09:31:24,308,1,40.3431547619,-1.61592261905
2012-07-08 09:31:25,309,1,38.923735119,-1.41941964286
2012-07-08 09:31:26,310,1,37.8313244048,-1.09241071429
2012-07-08 09:31:27,311,1,37.1211309524,-0.710193452381
2012-07-08 09:31:28,312,1,36.795610119,-0.325520833333
2012-07-08 09:31:29,313,1,36.8284970238,0.0328869047619
2012-07-08 09:31:30,314,1,37.1152529762,0.286755952381
2012-07-08 09:31:31,315,1,37.377827381,0.262574404762
2012-07-08 09:31:32,316,1,37.1757440476,-0.202083333333
2012-07-08 09:31:33,317,1,36.0886904762,-1.08705357143
2012-07-08 09:31:34,318,1,33.9722470238,-2.11644345238
2012-07-08 09:31:35,319,1,31.128422619,-2.84382440476
2012-07-08 09:31:36,320,1,28.2360119048,-2.89241071429
2012-07-08 09:31:37,321,1,26.0380952381,-2.19791666667
2012-07-08 09:31:38,322,1,25.0074404762,-1.0306547619
2012-07-08 09:31:39,323,1,25.2069940476,0.199553571428
2012-07-08 09:31:40,324,1,26.376860119,1.16986607143
2012-07-08 09:31:41,325,1,28.1339285714,1.75706845238
2012-07-08 09:31:42,326,1,30.13125,1.99732142857
2012-07-08 09:31:43,327,1,32.1057291667,1.97447916667
2012-07-08 09:31:44,328,1,33.8701636905,1.76443452381
2012-07-08 09:31:45,329,1,35.3197172619,1.44955357143
2012-07-08 09:31:46,330,1,36.4306547619,1.1109375
2012-07-08 09:31:47,331,1,37.2249255952,0.794270833333
2012-07-08 09:31:48,332,1,37.7468005952,0.521875
2012-07-08 09:31:49,333,1,38.0521577381,0.305357142857
2012-07-08 09:31:50,334,1,38.1753720238,0.123214285714
2012-07-08 09:31:51,335,1,38.1201636905,-0.0552083333333
2012-07-08 09:31:52,336,1,37.8859375,-0.234226190476
2012-07-08 09:31:53,337,1,37.4660714286,-0.419866071429
2012-07-08 09:31:54,338,1,36.8125744048,-0.653497023809
2012-07-08 09:31:55,339,1,35.7976934524,-1.01488095238
2012-07-08 09:31:56,340,1,34.2354910714,-1.56220238095
2012-07-08 09:31:57,341,1,32.0146577381,-2.22083333333
2012-07-08 09:31:58,342,1,29.2064732143,-2.80818452381
2012-07-08 09:31:59,343,1,26.002827381,-3.20364583333
2012-07-08 09:32:00,344,1,22.5767857143,-3.42604166667
2012-07-08 09:32:01,345,1,19.0148809524,-3.5619047619
2012-07-08 09:32:02,346,1,15.3640625,-3.65081845238
2012-07-08 09:32:03,347,1,11.7256696429,-3.63839285714
2012-07-08 09:32:04,348,1,8.26599702381,-3.45967261905
2012-07-08 09:32:05,349,1,5.17380952381,-3.0921875
2012-07-08 09:32:06,350,1,2.71767113095,-2.45613839286
2012-07-08 09:32:07,351,1,0.0,-2.71767113095
2012-07-08 09:32:32,376,25,0.0,0.0
2012-07-08 09:32:33,377,1,2.59962797619,2.59962797619
2012-07-08 09:32:34,378,1,4.80081845238,2.20119047619
2012-07-08 09:32:35,379,1,7.25379464286,2.45297619048
2012-07-08 09:32:36,380,1,9.49605654762,2.24226190476
2012-07-08 09:32:37,381,1,11.3422619048,1.84620535714
2012-07-08 09:32:38,382,1,12.8459449405,1.50368303571
2012-07-08 09:32:39,383,1,14.1935267857,1.34758184524
2012-07-08 09:32:40,384,1,15.5611607143,1.36763392857
2012-07-08 09:32:41,385,1,17.0180059524,1.4568452381
2012-07-08 09:32:42,386,1,18.5420386905,1.5240327381
2012-07-08 09:32:43,387,1,20.059375,1.51733630952
2012-07-08 09:32:44,388,1,21.4545386905,1.39516369048
2012-07-08 09:32:45,389,1,22.6319940476,1.17745535714
2012-07-08 09:32:46,390,1,23.596875,0.964880952381
2012-07-08 09:32:47,391,1,24.4517113095,0.854836309524
2012-07-08 09:32:48,392,1,25.3290178571,0.877306547619
2012-07-08 09:32:49,393,1,26.298735119,0.969717261905
2012-07-08 09:32:50,394,1,27.3052827381,1.00654761905
2012-07-08 09:32:51,395,1,28.2274553571,0.922172619048
2012-07-08 09:32:52,396,1,28.9881696429,0.760714285714
2012-07-08 09:32:53,397,1,29.5671875,0.579017857143
2012-07-08 09:32:54,398,1,29.9571428571,0.389955357143
2012-07-08 09:32:55,399,1,30.1607142857,0.203571428571
2012-07-08 09:32:56,400,1,30.213764881,0.0530505952381
2012-07-08 09:32:57,401,1,30.1909970238,-0.0227678571429
2012-07-08 09:32:58,402,1,30.1822916667,-0.0087053571428
2012-07-08 09:32:59,403,1,30.2566220238,0.0743303571428
2012-07-08 09:33:00,404,1,30.4515625,0.194940476191
2012-07-08 09:33:01,405,1,30.7874255952,0.335863095238
2012-07-08 09:33:02,406,1,31.2800595238,0.492633928571
2012-07-08 09:33:03,407,1,31.9442708333,0.664211309524
2012-07-08 09:33:04,408,1,32.7663690476,0.822098214286
2012-07-08 09:33:05,409,1,33.6645833333,0.898214285714
2012-07-08 09:33:06,410,1,34.501264881,0.836681547619
2012-07-08 09:33:07,411,1,35.140327381,0.6390625
2012-07-08 09:33:08,412,1,35.520610119,0.380282738095
2012-07-08 09:33:09,413,1,35.7110863095,0.190476190476
2012-07-08 09:33:10,414,1,35.8476190476,0.136532738095
2012-07-08 09:33:11,415,1,35.9764880952,0.128869047619
2012-07-08 09:33:12,416,1,35.9973958333,0.0209077380952
2012-07-08 09:33:13,417,1,35.7649553571,-0.23244047619
2012-07-08 09:33:14,418,1,35.2203125,-0.544642857143
2012-07-08 09:33:15,419,1,34.4272321429,-0.793080357143
2012-07-08 09:33:16,420,1,33.49375,-0.933482142857
2012-07-08 09:33:17,421,1,32.4807291667,-1.01302083333
2012-07-08 09:33:18,422,1,31.3895089286,-1.0912202381
2012-07-08 09:33:19,423,1,30.194047619,-1.19546130952
2012-07-08 09:33:20,424,1,28.8521577381,-1.34188988095
2012-07-08 09:33:21,425,1,27.3014136905,-1.55074404762
2012-07-08 09:33:22,426,1,25.4763392857,-1.82507440476
2012-07-08 09:33:23,427,1,23.3416666667,-2.13467261905
2012-07-08 09:33:24,428,1,20.8988095238,-2.44285714286
2012-07-08 09:33:25,429,1,18.1619521104,-2.73685741342
2012-07-08 09:33:26,430,1,15.1492288961,-3.01272321429
2012-07-08 09:33:27,431,1,11.9332251082,-3.21600378788
2012-07-08 09:33:28,432,1,8.73676948052,-3.19645562771
2012-07-08 09:33:29,433,1,5.93693181818,-2.79983766234
2012-07-08 09:33:30,434,1,3.88538284632,-2.05154897186
2012-07-08 09:33:31,435,1,2.70422077922,-1.1811620671
2012-07-08 09:33:32,436,1,2.24113906926,-0.463081709957
2012-07-08 09:33:33,437,1,2.18226461039,-0.0588744588745
2012-07-08 09:33:34,438,1,2.24092938312,0.0586647727273
2012-07-08 09:33:35,439,1,2.28597132035,0.0450419372294
2012-07-08 09:33:36,440,1,2.30629058442,0.0203192640693
2012-07-08 09:33:37,441,1,2.30817775974,0.00188717532468
2012-07-08 09:33:38,442,1,2.29839015152,-0.00978760822511
2012-07-08 09:33:39,443,1,2.3567775974,0.0583874458874
2012-07-08 09:33:40,444,1,2.67628517316,0.319507575758
2012-07-08 09:33:41,445,1,3.47443858225,0.798153409091
2012-07-08 09:33:42,446,1,4.83546401515,1.3610254329
2012-07-08 09:33:43,447,1,6.61992694805,1.7844629329
2012-07-08 09:33:44,448,1,8.50963203463,1.88970508658
2012-07-08 09:33:45,449,1,10.1606669372,1.6510349026
2012-07-08 09:33:46,450,1,11.3509943182,1.19032738095
2012-07-08 09:33:47,451,1,12.0212053571,0.670211038961
2012-07-08 09:33:48,452,1,12.2359375,0.214732142857
2012-07-08 09:33:49,453,1,12.1292410714,-0.106696428571
2012-07-08 09:33:50,454,1,11.8399553571,-0.289285714286
2012-07-08 09:33:51,455,1,11.4564732143,-0.383482142857
2012-07-08 09:33:52,456,1,11.014360119,-0.442113095238
2012-07-08 09:33:53,457,1,10.5380952381,-0.476264880952
2012-07-08 09:33:54,458,1,10.0726190476,-0.465476190476
2012-07-08 09:33:55,459,1,9.68020833333,-0.392410714286
2012-07-08 09:33:56,460,1,9.42194940476,-0.258258928571
2012-07-08 09:33:57,461,1,9.33883928571,-0.0831101190476
2012-07-08 09:33:58,462,1,9.4265625,0.0877232142857
2012-07-08 09:33:59,463,1,9.61116071429,0.184598214286
2012-07-08 09:34:00,464,1,9.7671875,0.156026785714
2012-07-08 09:34:01,465,1,9.79352678571,0.0263392857143
2012-07-08 09:34:02,466,1,9.68325892857,-0.110267857143
2012-07-08 09:34:03,467,1,9.51644345238,-0.16681547619
2012-07-08 09:34:04,468,1,9.38177083333,-0.134672619048
2012-07-08 09:34:05,469,1,9.30632440476,-0.0754464285714
2012-07-08 09:34:06,470,1,9.26138392857,-0.0449404761905
2012-07-08 09:34:07,471,1,9.21398809524,-0.0473958333333
2012-07-08 09:34:08,472,1,9.15699404762,-0.0569940476191
2012-07-08 09:34:09,473,1,9.10885416667,-0.0481398809524
2012-07-08 09:34:10,474,1,9.09650297619,-0.0123511904762
2012-07-08 09:34:11,475,1,9.13430059524,0.0377976190476
2012-07-08 09:34:12,476,1,9.2162202381,0.0819196428571
2012-07-08 09:34:13,477,1,9.31183035714,0.0956101190476
2012-07-08 09:34:14,478,1,9.37120535714,0.059375
2012-07-08 09:34:15,479,1,9.3587797619,-0.0124255952381
2012-07-08 09:34:16,480,1,9.27477678571,-0.0840029761905
2012-07-08 09:34:17,481,1,9.13601190476,-0.138764880952
2012-07-08 09:34:18,482,1,8.9609375,-0.175074404762
2012-07-08 09:34:19,483,1,8.7709077381,-0.190029761905
2012-07-08 09:34:20,484,1,8.59069940476,-0.180208333333
2012-07-08 09:34:21,485,1,8.45610119048,-0.134598214286
2012-07-08 09:34:22,486,1,8.40572916667,-0.0503720238095
2012-07-08 09:34:23,487,1,8.44166666667,0.0359375
2012-07-08 09:34:24,488,1,8.51421130952,0.0725446428572
2012-07-08 09:34:25,489,1,8.55989583333,0.0456845238095
2012-07-08 09:34:26,490,1,8.53705357143,-0.0228422619048
2012-07-08 09:34:27,491,1,8.41703869048,-0.120014880952
2012-07-08 09:34:28,492,1,8.15610119048,-0.2609375
2012-07-08 09:34:29,493,1,7.684375,-0.471726190476
2012-07-08 09:34:30,494,1,6.94650297619,-0.73787202381
2012-07-08 09:34:31,495,1,5.98988095238,-0.95662202381
2012-07-08 09:34:32,496,1,4.99821428571,-0.991666666667
2012-07-08 09:34:33,497,1,4.20491071429,-0.793303571429
2012-07-08 09:34:34,498,1,3.76212797619,-0.442782738095
2012-07-08 09:34:35,499,1,3.6625,-0.0996279761905
2012-07-08 09:34:36,500,1,3.76912202381,0.10662202381
2012-07-08 09:34:37,501,1,3.92113095238,0.152008928571
2012-07-08 09:34:38,502,1,3.96629464286,0.0451636904762
2012-07-08 09:34:39,503,1,3.70691964286,-0.259375
2012-07-08 09:34:40,504,1,2.97604166667,-0.73087797619
2012-07-08 09:34:41,505,1,1.91666666667,-1.059375
2012-07-08 09:34:42,506,1,0.0,-1.91666666667
2012-07-08 10:16:22,3006,2500,0.0,0.0
2012-07-08 10:16:23,3007,1,2.14077380952,2.14077380952
2012-07-08 10:16:24,3008,1,3.37433035714,1.23355654762
2012-07-08 10:16:25,3009,1,4.33422619048,0.959895833333
2012-07-08 10:16:26,3010,1,4.91287202381,0.578645833333
2012-07-08 10:16:27,3011,1,5.25662202381,0.34375
2012-07-08 10:16:28,3012,1,5.47589285714,0.219270833333
2012-07-08 10:16:29,3013,1,5.60349702381,0.127604166667
2012-07-08 10:16:30,3014,1,5.66927083333,0.0657738095238
2012-07-08 10:16:31,3015,1,5.72797619048,0.0587053571429
2012-07-08 10:16:32,3016,1,5.82931547619,0.101339285714
2012-07-08 10:16:33,3017,1,5.97745535714,0.148139880952
2012-07-08 10:16:34,3018,1,6.14456845238,0.167113095238
2012-07-08 10:16:35,3019,1,6.32648809524,0.181919642857
2012-07-08 10:16:36,3020,1,6.5587797619,0.232291666667
2012-07-08 10:16:37,3021,1,6.88013392857,0.321354166667
2012-07-08 10:16:38,3022,1,7.29114583333,0.411011904762
2012-07-08 10:16:39,3023,1,7.74501488095,0.453869047619
2012-07-08 10:16:40,3024,1,8.17700892857,0.431994047619
2012-07-08 10:16:41,3025,1,8.54613095238,0.36912202381
2012-07-08 10:16:42,3026,1,8.85327380952,0.307142857143
2012-07-08 10:16:43,3027,1,9.11703869048,0.263764880952
2012-07-08 10:16:44,3028,1,9.3306547619,0.213616071429
2012-07-08 10:16:45,3029,1,9.4521577381,0.12150297619
2012-07-08 10:16:46,3030,1,9.42931547619,-0.0228422619048
2012-07-08 10:16:47,3031,1,9.21116071429,-0.218154761905
2012-07-08 10:16:48,3032,1,8.73199404762,-0.479166666667
2012-07-08 10:16:49,3033,1,7.9224702381,-0.809523809524
2012-07-08 10:16:50,3034,1,6.80148809524,-1.12098214286
2012-07-08 10:16:51,3035,1,5.56636904762,-1.23511904762
2012-07-08 10:16:52,3036,1,4.53333333333,-1.03303571429
2012-07-08 10:16:53,3037,1,3.9537202381,-0.579613095238
2012-07-08 10:16:54,3038,1,3.89144345238,-0.0622767857143
2012-07-08 10:16:55,3039,1,4.28139880952,0.389955357143
2012-07-08 10:16:56,3040,1,5.06703869048,0.785639880952
2012-07-08 10:16:57,3041,1,6.21294642857,1.1459077381
2012-07-08 10:16:58,3042,1,7.60632440476,1.39337797619
2012-07-08 10:16:59,3043,1,9.04196428571,1.43563988095
2012-07-08 10:17:00,3044,1,10.337202381,1.29523809524
2012-07-08 10:17:01,3045,1,11.4458333333,1.10863095238
2012-07-08 10:17:02,3046,1,12.4427827381,0.996949404762
2012-07-08 10:17:03,3047,1,13.3985119048,0.955729166667
2012-07-08 10:17:04,3048,1,14.3058035714,0.907291666667
2012-07-08 10:17:05,3049,1,15.1316220238,0.825818452381
2012-07-08 10:17:06,3050,1,15.8767857143,0.745163690476
2012-07-08 10:17:07,3051,1,16.5482142857,0.671428571429
2012-07-08 10:17:08,3052,1,17.1068452381,0.558630952381
2012-07-08 10:17:09,3053,1,17.4791666667,0.372321428571
2012-07-08 10:17:10,3054,1,17.6093005952,0.130133928571
2012-07-08 10:17:11,3055,1,17.4922619048,-0.117038690476
2012-07-08 10:17:12,3056,1,17.1798363095,-0.312425595238
2012-07-08 10:17:13,3057,1,16.7598958333,-0.419940476191
2012-07-08 10:17:14,3058,1,16.3132440476,-0.446651785714
2012-07-08 10:17:15,3059,1,15.8883928571,-0.424851190476
2012-07-08 10:17:16,3060,1,15.51875,-0.369642857143
2012-07-08 10:17:17,3061,1,15.2392857143,-0.279464285714
2012-07-08 10:17:18,3062,1,15.0683779762,-0.170907738095
2012-07-08 10:17:19,3063,1,14.9894345238,-0.078943452381
2012-07-08 10:17:20,3064,1,14.9537202381,-0.0357142857143
2012-07-08 10:17:21,3065,1,14.8918154762,-0.0619047619047
2012-07-08 10:17:22,3066,1,14.7410714286,-0.150744047619
2012-07-08 10:17:23,3067,1,14.4686755952,-0.272395833333
2012-07-08 10:17:24,3068,1,14.0520833333,-0.416592261905
2012-07-08 10:17:25,3069,1,13.4459077381,-0.606175595238
2012-07-08 10:17:26,3070,1,12.5855654762,-0.860342261905
2012-07-08 10:17:27,3071,1,11.4302083333,-1.15535714286
2012-07-08 10:17:28,3072,1,10.0067708333,-1.4234375
2012-07-08 10:17:29,3073,1,8.4234375,-1.58333333333
2012-07-08 10:17:30,3074,1,6.88169642857,-1.54174107143
2012-07-08 10:17:31,3075,1,5.68742559524,-1.19427083333
2012-07-08 10:17:32,3076,1,5.1646577381,-0.522767857143
2012-07-08 10:17:33,3077,1,5.47172619048,0.307068452381
2012-07-08 10:17:34,3078,1,6.48541666667,1.01369047619
2012-07-08 10:17:35,3079,1,7.86525297619,1.37983630952
2012-07-08 10:17:36,3080,1,9.25238095238,1.38712797619
2012-07-08 10:17:37,3081,1,10.4588541667,1.20647321429
2012-07-08 10:17:38,3082,1,11.501860119,1.04300595238
2012-07-08 10:17:39,3083,1,12.4867559524,0.984895833333
2012-07-08 10:17:40,3084,1,13.4843005952,0.997544642857
2012-07-08 10:17:41,3085,1,14.4933779762,1.00907738095
2012-07-08 10:17:42,3086,1,15.4645089286,0.971130952381
2012-07-08 10:17:43,3087,1,16.3406994048,0.87619047619
2012-07-08 10:17:44,3088,1,17.0930803571,0.752380952381
2012-07-08 10:17:45,3089,1,17.7287202381,0.635639880952
2012-07-08 10:17:46,3090,1,18.2656994048,0.536979166667
2012-07-08 10:17:47,3091,1,18.7122767857,0.446577380952
2012-07-08 10:17:48,3092,1,19.0795386905,0.367261904762
2012-07-08 10:17:49,3093,1,19.3967261905,0.3171875
2012-07-08 10:17:50,3094,1,19.693452381,0.296726190476
2012-07-08 10:17:51,3095,1,19.9706845238,0.277232142857
2012-07-08 10:17:52,3096,1,20.1996279762,0.228943452381
2012-07-08 10:17:53,3097,1,20.3492559524,0.149627976191
2012-07-08 10:17:54,3098,1,20.4052083333,0.0559523809523
2012-07-08 10:17:55,3099,1,20.3599702381,-0.0452380952381
2012-07-08 10:17:56,3100,1,20.2072916667,-0.152678571429
2012-07-08 10:17:57,3101,1,19.9594494048,-0.247842261905
2012-07-08 10:17:58,3102,1,19.6575892857,-0.301860119048
2012-07-08 10:17:59,3103,1,19.3610863095,-0.296502976191
2012-07-08 10:18:00,3104,1,19.1256696429,-0.235416666667
2012-07-08 10:18:01,3105,1,18.9799107143,-0.145758928571
2012-07-08 10:18:02,3106,1,18.9204613095,-0.0594494047619
2012-07-08 10:18:03,3107,1,18.9305803571,0.0101190476191
2012-07-08 10:18:04,3108,1,18.9930059524,0.0624255952381
2012-07-08 10:18:05,3109,1,19.0844494048,0.0914434523809
2012-07-08 10:18:06,3110,1,19.1727678571,0.088318452381
2012-07-08 10:18:07,3111,1,19.2244791667,0.0517113095238
2012-07-08 10:18:08,3112,1,19.2083333333,-0.0161458333334
2012-07-08 10:18:09,3113,1,19.1027529762,-0.105580357143
2012-07-08 10:18:10,3114,1,18.9166666667,-0.186086309524
2012-07-08 10:18:11,3115,1,18.6833333333,-0.233333333333
2012-07-08 10:18:12,3116,1,18.4089285714,-0.274404761905
2012-07-08 10:18:13,3117,1,18.0523065476,-0.35662202381
2012-07-08 10:18:14,3118,1,17.5756696429,-0.476636904762
2012-07-08 10:18:15,3119,1,16.9754464286,-0.600223214286
2012-07-08 10:18:16,3120,1,16.2448660714,-0.730580357143
2012-07-08 10:18:17,3121,1,15.3343005952,-0.910565476191
2012-07-08 10:18:18,3122,1,14.1414434524,-1.19285714286
2012-07-08 10:18:19,3123,1,12.5400297619,-1.60141369048
2012-07-08 10:18:20,3124,1,10.4627232143,-2.07730654762
2012-07-08 10:18:21,3125,1,7.97328869048,-2.48943452381
2012-07-08 10:18:22,3126,1,5.30200892857,-2.6712797619
2012-07-08 10:18:23,3127,1,2.91019345238,-2.39181547619
2012-07-08 10:18:24,3128,1,0.0,-2.91019345238
2012-07-08 10:18:39,3143,15,0.0,0.0
2012-07-08 10:18:40,3144,1,2.98095238095,2.98095238095
2012-07-08 10:18:41,3145,1,5.2828125,2.30186011905
2012-07-08 10:18:42,3146,1,7.72016369048,2.43735119048
2012-07-08 10:18:43,3147,1,9.91458333333,2.19441964286
2012-07-08 10:18:44,3148,1,11.8076636905,1.89308035714
2012-07-08 10:18:45,3149,1,13.4805059524,1.6728422619
2012-07-08 10:18:46,3150,1,15.0045386905,1.5240327381
2012-07-08 10:18:47,3151,1,16.3986607143,1.39412202381
2012-07-08 10:18:48,3152,1,17.6645089286,1.26584821429
2012-07-08 10:18:49,3153,1,18.8200892857,1.15558035714
2012-07-08 10:18:50,3154,1,19.9002232143,1.08013392857
2012-07-08 10:18:51,3155,1,20.9540922619,1.05386904762
2012-07-08 10:18:52,3156,1,22.050297619,1.09620535714
2012-07-08 10:18:53,3157,1,23.2696428571,1.2193452381
2012-07-08 10:18:54,3158,1,24.6756696429,1.40602678571
2012-07-08 10:18:55,3159,1,26.2790922619,1.60342261905
2012-07-08 10:18:56,3160,1,28.0263392857,1.74724702381
2012-07-08 10:18:57,3161,1,29.8192708333,1.79293154762
2012-07-08 10:18:58,3162,1,31.5575892857,1.73831845238
2012-07-08 10:18:59,3163,1,33.1844494048,1.62686011905
2012-07-08 10:19:00,3164,1,34.6949404762,1.51049107143
2012-07-08 10:19:01,3165,1,36.1156994048,1.42075892857
2012-07-08 10:19:02,3166,1,37.4952380952,1.37953869048
2012-07-08 10:19:03,3167,1,38.889360119,1.39412202381
2012-07-08 10:19:04,3168,1,40.3345238095,1.44516369048
2012-07-08 10:19:05,3169,1,41.8369791667,1.50245535714
2012-07-08 10:19:06,3170,1,43.3728422619,1.53586309524
2012-07-08 10:19:07,3171,1,44.8941964286,1.52135416667
2012-07-08 10:19:08,3172,1,46.3525297619,1.45833333333
2012-07-08 10:19:09,3173,1,47.7220238095,1.36949404762
2012-07-08 10:19:10,3174,1,49.0014136905,1.27938988095
2012-07-08 10:19:11,3175,1,50.2010416667,1.19962797619
2012-07-08 10:19:12,3176,1,51.3299107143,1.12886904762
2012-07-08 10:19:13,3177,1,52.3888392857,1.05892857143
2012-07-08 10:19:14,3178,1,53.3671130952,0.978273809524
2012-07-08 10:19:15,3179,1,54.2416666667,0.874553571429
2012-07-08 10:19:16,3180,1,54.9874255952,0.745758928571
2012-07-08 10:19:17,3181,1,55.5985863095,0.611160714286
2012-07-08 10:19:18,3182,1,56.0996279762,0.501041666667
2012-07-08 10:19:19,3183,1,56.5328125,0.43318452381
2012-07-08 10:19:20,3184,1,56.933110119,0.400297619048
2012-07-08 10:19:21,3185,1,57.3101190476,0.377008928571
2012-07-08 10:19:22,3186,1,57.6548363095,0.344717261905
2012-07-08 10:19:23,3187,1,57.9652529762,0.310416666667
2012-07-08 10:19:24,3188,1,58.255952381,0.290699404762
2012-07-08 10:19:25,3189,1,58.5398809524,0.283928571428
2012-07-08 10:19:26,3190,1,58.8119047619,0.272023809524
2012-07-08 10:19:27,3191,1,59.0561755952,0.244270833333
2012-07-08 10:19:28,3192,1,59.2642113095,0.208035714286
2012-07-08 10:19:29,3193,1,59.4388392857,0.174627976191
2012-07-08 10:19:30,3194,1,59.5832589286,0.144419642857
2012-07-08 10:19:31,3195,1,59.6983630952,0.115104166667
2012-07-08 10:19:32,3196,1,59.7915178571,0.0931547619048
2012-07-08 10:19:33,3197,1,59.8751488095,0.0836309523809
2012-07-08 10:19:34,3198,1,59.9566220238,0.0814732142857
2012-07-08 10:19:35,3199,1,60.0394345238,0.0828125
2012-07-08 10:19:36,3200,1,60.1333333333,0.0938988095238
2012-07-08 10:19:37,3201,1,60.262202381,0.128869047619
2012-07-08 10:19:38,3202,1,60.461235119,0.199032738095
2012-07-08 10:19:39,3203,1,60.7459077381,0.284672619048
2012-07-08 10:19:40,3204,1,61.0723958333,0.326488095238
2012-07-08 10:19:41,3205,1,61.3514880952,0.279092261905
2012-07-08 10:19:42,3206,1,61.5140625,0.162574404762
2012-07-08 10:19:43,3207,1,61.5576636905,0.0436011904762
2012-07-08 10:19:44,3208,1,61.545014881,-0.0126488095238
2012-07-08 10:19:45,3209,1,61.5652529762,0.0202380952381
2012-07-08 10:19:46,3210,1,61.6770089286,0.111755952381
2012-07-08 10:19:47,3211,1,61.8851190476,0.208110119048
2012-07-08 10:19:48,3212,1,62.1697172619,0.284598214286
2012-07-08 10:19:49,3213,1,62.5125,0.342782738095
2012-07-08 10:19:50,3214,1,62.8918154762,0.37931547619
2012-07-08 10:19:51,3215,1,63.2738095238,0.381994047619
2012-07-08 10:19:52,3216,1,63.6165178571,0.342708333333
2012-07-08 10:19:53,3217,1,63.8833333333,0.26681547619
2012-07-08 10:19:54,3218,1,64.0560267857,0.172693452381
2012-07-08 10:19:55,3219,1,64.1375,0.0814732142857
2012-07-08 10:19:56,3220,1,64.1433779762,0.00587797619049
2012-07-08 10:19:57,3221,1,64.0879464286,-0.0554315476191
2012-07-08 10:19:58,3222,1,63.9752232143,-0.112723214286
2012-07-08 10:19:59,3223,1,63.8008928571,-0.174330357143
2012-07-08 10:20:00,3224,1,63.5573660714,-0.243526785714
2012-07-08 10:20:01,3225,1,63.240922619,-0.316443452381
2012-07-08 10:20:02,3226,1,62.863764881,-0.377157738095
2012-07-08 10:20:03,3227,1,62.455952381,-0.4078125
2012-07-08 10:20:04,3228,1,62.0507440476,-0.405208333333
2012-07-08 10:20:05,3229,1,61.6694940476,-0.38125
2012-07-08 10:20:06,3230,1,61.3138392857,-0.355654761905
2012-07-08 10:20:07,3231,1,60.9770089286,-0.336830357143
2012-07-08 10:20:08,3232,1,60.6703125,-0.306696428571
2012-07-08 10:20:09,3233,1,60.4101190476,-0.260193452381
2012-07-08 10:20:10,3234,1,60.177827381,-0.232291666667
2012-07-08 10:20:11,3235,1,59.9302827381,-0.247544642857
2012-07-08 10:20:12,3236,1,59.6357142857,-0.294568452381
2012-07-08 10:20:13,3237,1,59.2869791667,-0.348735119048
2012-07-08 10:20:14,3238,1,58.9052827381,-0.381696428571
2012-07-08 10:20:15,3239,1,58.51875,-0.386532738095
2012-07-08 10:20:16,3240,1,58.1308779762,-0.387872023809
2012-07-08 10:20:17,3241,1,57.7248511905,-0.406026785714
2012-07-08 10:20:18,3242,1,57.2679315476,-0.456919642857
2012-07-08 10:20:19,3243,1,56.6962797619,-0.571651785714
2012-07-08 10:20:20,3244,1,55.9289434524,-0.767336309524
2012-07-08 10:20:21,3245,1,54.9215029762,-1.00744047619
2012-07-08 10:20:22,3246,1,53.7223958333,-1.19910714286
2012-07-08 10:20:23,3247,1,52.4708333333,-1.2515625
2012-07-08 10:20:24,3248,1,51.3101190476,-1.16071428571
2012-07-08 10:20:25,3249,1,50.2984375,-1.01168154762
2012-07-08 10:20:26,3250,1,49.3976934524,-0.900744047619
2012-07-08 10:20:27,3251,1,48.5276785714,-0.870014880952
2012-07-08 10:20:28,3252,1,47.6389880952,-0.888690476191
2012-07-08 10:20:29,3253,1,46.742485119,-0.89650297619
2012-07-08 10:20:30,3254,1,45.8723958333,-0.870089285714
2012-07-08 10:20:31,3255,1,45.0532738095,-0.819122023809
2012-07-08 10:20:32,3256,1,44.304985119,-0.748288690476
2012-07-08 10:20:33,3257,1,43.6354910714,-0.669494047619
2012-07-08 10:20:34,3258,1,43.0138392857,-0.621651785714
2012-07-08 10:20:35,3259,1,42.3673363095,-0.64650297619
2012-07-08 10:20:36,3260,1,41.6155505952,-0.751785714286
2012-07-08 10:20:37,3261,1,40.7155505952,-0.9
2012-07-08 10:20:38,3262,1,39.6803571429,-1.03519345238
2012-07-08 10:20:39,3263,1,38.5515625,-1.12879464286
2012-07-08 10:20:40,3264,1,37.3571428571,-1.19441964286
2012-07-08 10:20:41,3265,1,36.0935267857,-1.26361607143
2012-07-08 10:20:42,3266,1,34.7194940476,-1.3740327381
2012-07-08 10:20:43,3267,1,33.1445684524,-1.57492559524
2012-07-08 10:20:44,3268,1,31.2343005952,-1.91026785714
2012-07-08 10:20:45,3269,1,28.8384672619,-2.39583333333
2012-07-08 10:20:46,3270,1,25.8276041667,-3.01086309524
2012-07-08 10:20:47,3271,1,22.1451636905,-3.68244047619
2012-07-08 10:20:48,3272,1,17.8770833333,-4.26808035714
2012-07-08 10:20:49,3273,1,13.3347470238,-4.54233630952
2012-07-08 10:20:50,3274,1,9.11145833333,-4.22328869048
2012-07-08 10:20:51,3275,1,5.97686011905,-3.13459821429
2012-07-08 10:20:52,3276,1,4.56339285714,-1.4134672619
2012-07-08 10:20:53,3277,1,5.03824404762,0.474851190476
2012-07-08 10:20:54,3278,1,6.99732142857,1.95907738095
2012-07-08 10:20:55,3279,1,9.68139880952,2.68407738095
2012-07-08 10:20:56,3280,1,12.3912946429,2.70989583333
2012-07-08 10:20:57,3281,1,14.7787946429,2.3875
2012-07-08 10:20:58,3282,1,16.8233630952,2.04456845238
2012-07-08 10:20:59,3283,1,18.6213541667,1.79799107143
2012-07-08 10:21:00,3284,1,20.2160714286,1.5947172619
2012-07-08 10:21:01,3285,1,21.5929315476,1.37686011905
2012-07-08 10:21:02,3286,1,22.773735119,1.18080357143
2012-07-08 10:21:03,3287,1,23.8419642857,1.06822916667
2012-07-08 10:21:04,3288,1,24.8644345238,1.0224702381
2012-07-08 10:21:05,3289,1,25.8102678571,0.945833333333
2012-07-08 10:21:06,3290,1,26.5438988095,0.733630952381
2012-07-08 10:21:07,3291,1,26.9120535714,0.368154761905
2012-07-08 10:21:08,3292,1,26.8601190476,-0.0519345238096
2012-07-08 10:21:09,3293,1,26.4591517857,-0.400967261905
2012-07-08 10:21:10,3294,1,25.8444196429,-0.614732142857
2012-07-08 10:21:11,3295,1,25.1482886905,-0.696130952381
2012-07-08 10:21:12,3296,1,24.4280505952,-0.720238095238
2012-07-08 10:21:13,3297,1,23.6150297619,-0.813020833333
2012-07-08 10:21:14,3298,1,22.5672619048,-1.04776785714
2012-07-08 10:21:15,3299,1,21.1746279762,-1.39263392857
2012-07-08 10:21:16,3300,1,19.4116071429,-1.76302083333
2012-07-08 10:21:17,3301,1,17.3350446429,-2.0765625
2012-07-08 10:21:18,3302,1,15.0322172619,-2.30282738095
2012-07-08 10:21:19,3303,1,12.5264136905,-2.50580357143
2012-07-08 10:21:20,3304,1,9.75126488095,-2.77514880952
2012-07-08 10:21:21,3305,1,6.72075892857,-3.03050595238
2012-07-08 10:21:22,3306,1,3.85714285714,-2.86361607143
2012-07-08 10:21:23,3307,1,0.0,-3.85714285714
2012-07-08 10:22:02,3346,39,0.0,0.0
2012-07-08 10:22:03,3347,1,5.059375,5.059375
2012-07-08 10:22:04,3348,1,8.8619047619,3.8025297619
2012-07-08 10:22:05,3349,1,12.7090029762,3.84709821429
2012-07-08 10:22:06,3350,1,15.925297619,3.21629464286
2012-07-08 10:22:07,3351,1,18.4322916667,2.50699404762
2012-07-08 10:22:08,3352,1,20.4480654762,2.01577380952
2012-07-08 10:22:09,3353,1,22.2079613095,1.75989583333
2012-07-08 10:22:10,3354,1,23.8700892857,1.66212797619
2012-07-08 10:22:11,3355,1,25.550297619,1.68020833333
2012-07-08 10:22:12,3356,1,27.3228422619,1.77254464286
2012-07-08 10:22:13,3357,1,29.1730654762,1.85022321429
2012-07-08 10:22:14,3358,1,31.0078125,1.83474702381
2012-07-08 10:22:15,3359,1,32.7204613095,1.71264880952
2012-07-08 10:22:16,3360,1,34.2366815476,1.5162202381
2012-07-08 10:22:17,3361,1,35.5283482143,1.29166666667
2012-07-08 10:22:18,3362,1,36.610639881,1.08229166667
2012-07-08 10:22:19,3363,1,37.523139881,0.9125
2012-07-08 10:22:20,3364,1,38.3006696429,0.777529761905
2012-07-08 10:22:21,3365,1,38.9587797619,0.658110119048
2012-07-08 10:22:22,3366,1,39.512202381,0.553422619048
2012-07-08 10:22:23,3367,1,39.9994047619,0.487202380952
2012-07-08 10:22:24,3368,1,40.4848958333,0.485491071428
2012-07-08 10:22:25,3369,1,41.0436011905,0.558705357143
2012-07-08 10:22:26,3370,1,41.7240327381,0.680431547619
2012-07-08 10:22:27,3371,1,42.5095238095,0.785491071429
2012-07-08 10:22:28,3372,1,43.3232886905,0.813764880952
2012-07-08 10:22:29,3373,1,44.057514881,0.734226190476
2012-07-08 10:22:30,3374,1,44.5943452381,0.536830357143
2012-07-08 10:22:31,3375,1,44.8504464286,0.256101190476
2012-07-08 10:22:32,3376,1,44.8308035714,-0.0196428571428
2012-07-08 10:22:33,3377,1,44.628422619,-0.202380952381
2012-07-08 10:22:34,3378,1,44.3797619048,-0.248660714286
2012-07-08 10:22:35,3379,1,44.2152529762,-0.164508928571
2012-07-08 10:22:36,3380,1,44.2183035714,0.0030505952381
2012-07-08 10:22:37,3381,1,44.4136160714,0.1953125
2012-07-08 10:22:38,3382,1,44.7805059524,0.366889880952
2012-07-08 10:22:39,3383,1,45.270610119,0.490104166667
2012-07-08 10:22:40,3384,1,45.8372767857,0.566666666667
2012-07-08 10:22:41,3385,1,46.4539434524,0.616666666667
2012-07-08 10:22:42,3386,1,47.0834077381,0.629464285714
2012-07-08 10:22:43,3387,1,47.6338541667,0.550446428572
2012-07-08 10:22:44,3388,1,47.9705357143,0.336681547619
2012-07-08 10:22:45,3389,1,47.9930803571,0.0225446428571
2012-07-08 10:22:46,3390,1,47.7089285714,-0.284151785714
2012-07-08 10:22:47,3391,1,47.223139881,-0.485788690476
2012-07-08 10:22:48,3392,1,46.6578125,-0.565327380952
2012-07-08 10:22:49,3393,1,46.0880208333,-0.569791666667
2012-07-08 10:22:50,3394,1,45.5442708333,-0.54375
2012-07-08 10:22:51,3395,1,45.0505952381,-0.493675595238
2012-07-08 10:22:52,3396,1,44.6369791667,-0.413616071428
2012-07-08 10:22:53,3397,1,44.3145089286,-0.322470238095
2012-07-08 10:22:54,3398,1,44.0490327381,-0.265476190476
2012-07-08 10:22:55,3399,1,43.7585565476,-0.290476190476
2012-07-08 10:22:56,3400,1,43.3421875,-0.416369047619
2012-07-08 10:22:57,3401,1,42.7281994048,-0.613988095238
2012-07-08 10:22:58,3402,1,41.9125744048,-0.815625
2012-07-08 10:22:59,3403,1,40.9727678571,-0.939806547619
2012-07-08 10:23:00,3404,1,40.0380952381,-0.934672619048
2012-07-08 10:23:01,3405,1,39.2122767857,-0.825818452381
2012-07-08 10:23:02,3406,1,38.5069196429,-0.705357142857
2012-07-08 10:23:03,3407,1,37.8357142857,-0.671205357143
2012-07-08 10:23:04,3408,1,37.0521577381,-0.783556547619
2012-07-08 10:23:05,3409,1,36.005952381,-1.04620535714
2012-07-08 10:23:06,3410,1,34.5915922619,-1.41436011905
2012-07-08 10:23:07,3411,1,32.7539434524,-1.83764880952
2012-07-08 10:23:08,3412,1,30.4707589286,-2.28318452381
2012-07-08 10:23:09,3413,1,27.7752232143,-2.69553571429
2012-07-08 10:23:10,3414,1,24.8297619048,-2.94546130952
2012-07-08 10:23:11,3415,1,21.9751488095,-2.85461309524
2012-07-08 10:23:12,3416,1,19.6603422619,-2.31480654762
2012-07-08 10:23:13,3417,1,18.2376488095,-1.42269345238
2012-07-08 10:23:14,3418,1,17.7279761905,-0.509672619048
2012-07-08 10:23:15,3419,1,17.7611607143,0.0331845238095
2012-07-08 10:23:16,3420,1,17.8146577381,0.0534970238095
2012-07-08 10:23:17,3421,1,17.5522321429,-0.262425595238
2012-07-08 10:23:18,3422,1,16.9624255952,-0.589806547619
2012-07-08 10:23:19,3423,1,16.2965029762,-0.665922619048
2012-07-08 10:23:20,3424,1,15.8866815476,-0.409821428571
2012-07-08 10:23:21,3425,1,15.843452381,-0.0432291666666
2012-07-08 10:23:22,3426,1,15.9206845238,0.0772321428571
2012-07-08 10:23:23,3427,1,15.7738839286,-0.146800595238
2012-07-08 10:23:24,3428,1,15.2549107143,-0.518973214286
2012-07-08 10:23:25,3429,1,14.4706845238,-0.784226190476
2012-07-08 10:23:26,3430,1,13.6956845238,-0.775
2012-07-08 10:23:27,3431,1,13.1410714286,-0.554613095238
2012-07-08 10:23:28,3432,1,12.7790922619,-0.361979166667
2012-07-08 10:23:29,3433,1,12.4959821429,-0.283110119048
2012-07-08 10:23:30,3434,1,12.2781994048,-0.217782738095
2012-07-08 10:23:31,3435,1,12.1355654762,-0.142633928571
2012-07-08 10:23:32,3436,1,11.9976190476,-0.137946428571
2012-07-08 10:23:33,3437,1,11.7546130952,-0.243005952381
2012-07-08 10:23:34,3438,1,11.3363095238,-0.418303571429
2012-07-08 10:23:35,3439,1,10.7617559524,-0.574553571429
2012-07-08 10:23:36,3440,1,10.1238095238,-0.637946428571
2012-07-08 10:23:37,3441,1,9.49084821429,-0.632961309524
2012-07-08 10:23:38,3442,1,8.8322172619,-0.658630952381
2012-07-08 10:23:39,3443,1,8.06517857143,-0.767038690476
2012-07-08 10:23:40,3444,1,7.1580994898,-0.907079081633
2012-07-08 10:23:41,3445,1,6.16514668367,-0.992952806122
2012-07-08 10:23:42,3446,1,5.18116496599,-0.983981717687
2012-07-08 10:23:43,3447,1,4.29661989796,-0.884545068027
2012-07-08 10:23:44,3448,1,3.58179209184,-0.714827806122
2012-07-08 10:23:45,3449,1,3.07981505102,-0.501977040816
2012-07-08 10:23:46,3450,1,2.80225340136,-0.27756164966
2012-07-08 10:23:47,3451,1,2.72252338435,-0.0797300170068
2012-07-08 10:23:48,3452,1,2.77576530612,0.0532419217687
2012-07-08 10:23:49,3453,1,2.85511267007,0.0793473639456
2012-07-08 10:23:50,3454,1,2.77884778912,-0.0762648809524
2012-07-08 10:23:51,3455,1,2.3424957483,-0.436352040816
2012-07-08 10:23:52,3456,1,1.57045068027,-0.772045068027
2012-07-08 10:23:53,3457,1,0.0,-1.57045068027
2012-07-08 12:02:15,9359,5902,0.0,0.0
2012-07-08 12:02:16,9360,1,1.28144132653,1.28144132653
2012-07-08 12:02:17,9361,1,1.98571428571,0.704272959184
2012-07-08 12:02:18,9362,1,2.49300595238,0.507291666667
2012-07-08 12:02:19,9363,1,2.74144345238,0.2484375
2012-07-08 12:02:20,9364,1,2.86339285714,0.121949404762
2012-07-08 12:02:21,9365,1,2.95357142857,0.0901785714286
2012-07-08 12:02:22,9366,1,3.01994047619,0.066369047619
2012-07-08 12:02:23,9367,1,3.04970238095,0.0297619047619
2012-07-08 12:02:24,9368,1,3.04293154762,-0.00677083333333
2012-07-08 12:02:25,9369,1,3.00300099206,-0.0399305555556
2012-07-08 12:02:26,9370,1,2.9308531746,-0.0721478174603
2012-07-08 12:02:27,9371,1,2.83035714286,-0.100496031746
2012-07-08 12:02:28,9372,1,2.71049107143,-0.119866071429
2012-07-08 12:02:29,9373,1,2.58050595238,-0.129985119048
2012-07-08 12:02:30,9374,1,2.4640625,-0.116443452381
2012-07-08 12:02:31,9375,1,2.44593253968,-0.0181299603175
2012-07-08 12:02:32,9376,1,2.67683531746,0.230902777778
2012-07-08 12:02:33,9377,1,3.28117559524,0.604340277778
2012-07-08 12:02:34,9378,1,4.25669642857,0.975520833333
2012-07-08 12:02:35,9379,1,5.46264880952,1.20595238095
2012-07-08 12:02:36,9380,1,6.69732142857,1.23467261905
2012-07-08 12:02:37,9381,1,7.8128968254,1.11557539683
2012-07-08 12:02:38,9382,1,8.77185019841,0.958953373016
2012-07-08 12:02:39,9383,1,9.60401785714,0.83216765873
2012-07-08 12:02:40,9384,1,10.3441964286,0.740178571429
2012-07-08 12:02:41,9385,1,11.0107142857,0.666517857143
2012-07-08 12:02:42,9386,1,11.6056547619,0.59494047619
2012-07-08 12:02:43,9387,1,12.1188244048,0.513169642857
2012-07-08 12:02:44,9388,1,12.5404017857,0.421577380952
2012-07-08 12:02:45,9389,1,12.8781994048,0.337797619048
2012-07-08 12:02:46,9390,1,13.157514881,0.27931547619
2012-07-08 12:02:47,9391,1,13.4002232143,0.242708333333
2012-07-08 12:02:48,9392,1,13.612797619,0.212574404762
2012-07-08 12:02:49,9393,1,13.792485119,0.1796875
2012-07-08 12:02:50,9394,1,13.9322916667,0.139806547619
2012-07-08 12:02:51,9395,1,14.0232886905,0.0909970238095
2012-07-08 12:02:52,9396,1,14.062202381,0.0389136904762
2012-07-08 12:02:53,9397,1,14.0561011905,-0.0061011904762
2012-07-08 12:02:54,9398,1,14.015327381,-0.0407738095238
2012-07-08 12:02:55,9399,1,13.9328869048,-0.0824404761905
2012-07-08 12:02:56,9400,1,13.7517113095,-0.181175595238
2012-07-08 12:02:57,9401,1,13.3443452381,-0.407366071429
2012-07-08 12:02:58,9402,1,12.548139881,-0.796205357143
2012-07-08 12:02:59,9403,1,11.2720982143,-1.27604166667
2012-07-08 12:03:00,9404,1,9.64084821429,-1.63125
2012-07-08 12:03:01,9405,1,8.05967261905,-1.58117559524
2012-07-08 12:03:02,9406,1,7.05535714286,-1.00431547619
2012-07-08 12:03:03,9407,1,6.96004464286,-0.0953125
2012-07-08 12:03:04,9408,1,7.72514880952,0.765104166667
2012-07-08 12:03:05,9409,1,9.00959821429,1.28444940476
2012-07-08 12:03:06,9410,1,10.428422619,1.41882440476
2012-07-08 12:03:07,9411,1,11.7668154762,1.33839285714
2012-07-08 12:03:08,9412,1,13.0042410714,1.23742559524
2012-07-08 12:03:09,9413,1,14.1816220238,1.17738095238
2012-07-08 12:03:10,9414,1,15.309375,1.12775297619
2012-07-08 12:03:11,9415,1,16.3808779762,1.07150297619
2012-07-08 12:03:12,9416,1,17.395014881,1.01413690476
2012-07-08 12:03:13,9417,1,18.352827381,0.9578125
2012-07-08 12:03:14,9418,1,19.2534970238,0.900669642857
2012-07-08 12:03:15,9419,1,20.090922619,0.837425595238
2012-07-08 12:03:16,9420,1,20.8578125,0.766889880952
2012-07-08 12:03:17,9421,1,21.5621279762,0.70431547619
2012-07-08 12:03:18,9422,1,22.2322172619,0.670089285714
2012-07-08 12:03:19,9423,1,22.897172619,0.664955357143
2012-07-08 12:03:20,9424,1,23.5620535714,0.664880952381
2012-07-08 12:03:21,9425,1,24.2057291667,0.643675595238
2012-07-08 12:03:22,9426,1,24.8055803571,0.599851190476
2012-07-08 12:03:23,9427,1,25.3628720238,0.557291666667
2012-07-08 12:03:24,9428,1,25.9009672619,0.538095238095
2012-07-08 12:03:25,9429,1,26.4373511905,0.536383928571
2012-07-08 12:03:26,9430,1,26.9566220238,0.519270833333
2012-07-08 12:03:27,9431,1,27.4041666667,0.447544642857
2012-07-08 12:03:28,9432,1,27.6978422619,0.293675595238
2012-07-08 12:03:29,9433,1,27.7570684524,0.0592261904761
2012-07-08 12:03:30,9434,1,27.5412946429,-0.215773809524
2012-07-08 12:03:31,9435,1,27.0564732143,-0.484821428571
2012-07-08 12:03:32,9436,1,26.3071428571,-0.749330357143
2012-07-08 12:03:33,9437,1,25.2389136905,-1.06822916667
2012-07-08 12:03:34,9438,1,23.7300595238,-1.50885416667
2012-07-08 12:03:35,9439,1,21.6494047619,-2.0806547619
2012-07-08 12:03:36,9440,1,18.9416666667,-2.70773809524
2012-07-08 12:03:37,9441,1,15.6592261905,-3.28244047619
2012-07-08 12:03:38,9442,1,11.934375,-3.72485119048
2012-07-08 12:03:39,9443,1,8.021875,-3.9125
2012-07-08 12:03:40,9444,1,4.45461309524,-3.56726190476
2012-07-08 12:03:41,9445,1,0.0,-4.45461309524
2012-07-08 12:03:56,9460,15,0.0,0.0
2012-07-08 12:03:57,9461,1,2.1896577381,2.1896577381
2012-07-08 12:03:58,9462,1,4.10133928571,1.91168154762
2012-07-08 12:03:59,9463,1,6.38020833333,2.27886904762
2012-07-08 12:04:00,9464,1,8.62886904762,2.24866071429
2012-07-08 12:04:01,9465,1,10.7000744048,2.07120535714
2012-07-08 12:04:02,9466,1,12.5980654762,1.89799107143
2012-07-08 12:04:03,9467,1,14.3848958333,1.78683035714
2012-07-08 12:04:04,9468,1,16.1046130952,1.7197172619
2012-07-08 12:04:05,9469,1,17.7380952381,1.63348214286
2012-07-08 12:04:06,9470,1,19.2238095238,1.48571428571
2012-07-08 12:04:07,9471,1,20.5172619048,1.29345238095
2012-07-08 12:04:08,9472,1,21.6197172619,1.10245535714
2012-07-08 12:04:09,9473,1,22.5646577381,0.94494047619
2012-07-08 12:04:10,9474,1,23.3941964286,0.829538690476
2012-07-08 12:04:11,9475,1,24.142485119,0.748288690476
2012-07-08 12:04:12,9476,1,24.8284970238,0.686011904762
2012-07-08 12:04:13,9477,1,25.4548363095,0.626339285714
2012-07-08 12:04:14,9478,1,26.0083333333,0.55349702381
2012-07-08 12:04:15,9479,1,26.4688988095,0.46056547619
2012-07-08 12:04:16,9480,1,26.825297619,0.356398809524
2012-07-08 12:04:17,9481,1,27.0805059524,0.255208333333
2012-07-08 12:04:18,9482,1,27.2458333333,0.165327380952
2012-07-08 12:04:19,9483,1,27.342485119,0.0966517857143
2012-07-08 12:04:20,9484,1,27.4140625,0.0715773809524
2012-07-08 12:04:21,9485,1,27.524702381,0.110639880952
2012-07-08 12:04:22,9486,1,27.7235119048,0.198809523809
2012-07-08 12:04:23,9487,1,28.0042410714,0.280729166667
2012-07-08 12:04:24,9488,1,28.3084821429,0.304241071428
2012-07-08 12:04:25,9489,1,28.5767857143,0.268303571429
2012-07-08 12:04:26,9490,1,28.8009672619,0.224181547619
2012-07-08 12:04:27,9491,1,29.027827381,0.226860119048
2012-07-08 12:04:28,9492,1,29.3197172619,0.291889880952
2012-07-08 12:04:29,9493,1,29.721577381,0.401860119048
2012-07-08 12:04:30,9494,1,30.2552083333,0.533630952381
2012-07-08 12:04:31,9495,1,30.9219494048,0.666741071429
2012-07-08 12:04:32,9496,1,31.7029761905,0.781026785714
2012-07-08 12:04:33,9497,1,32.561235119,0.858258928571
2012-07-08 12:04:34,9498,1,33.4374255952,0.876190476191
2012-07-08 12:04:35,9499,1,34.2404017857,0.802976190476
2012-07-08 12:04:36,9500,1,34.8658482143,0.625446428571
2012-07-08 12:04:37,9501,1,35.2448660714,0.379017857143
2012-07-08 12:04:38,9502,1,35.3707589286,0.125892857143
2012-07-08 12:04:39,9503,1,35.2886904762,-0.0820684523809
2012-07-08 12:04:40,9504,1,35.0644345238,-0.224255952381
2012-07-08 12:04:41,9505,1,34.742485119,-0.321949404762
2012-07-08 12:04:42,9506,1,34.3332589286,-0.409226190476
2012-07-08 12:04:43,9507,1,33.838764881,-0.494494047619
2012-07-08 12:04:44,9508,1,33.2661458333,-0.572619047619
2012-07-08 12:04:45,9509,1,32.6200892857,-0.646056547619
2012-07-08 12:04:46,9510,1,31.892485119,-0.727604166667
2012-07-08 12:04:47,9511,1,31.0433035714,-0.849181547619
2012-07-08 12:04:48,9512,1,29.9819940476,-1.06130952381
2012-07-08 12:04:49,9513,1,28.5654017857,-1.4165922619
2012-07-08 12:04:50,9514,1,26.6264880952,-1.93891369048
2012-07-08 12:04:51,9515,1,24.0444940476,-2.58199404762
2012-07-08 12:04:52,9516,1,20.81875,-3.22574404762
2012-07-08 12:04:53,9517,1,17.1252232143,-3.69352678571
2012-07-08 12:04:54,9518,1,13.380952381,-3.74427083333
2012-07-08 12:04:55,9519,1,10.226264881,-3.1546875
2012-07-08 12:04:56,9520,1,8.29456845238,-1.93169642857
2012-07-08 12:04:57,9521,1,7.89799107143,-0.396577380952
2012-07-08 12:04:58,9522,1,8.89680059524,0.99880952381
2012-07-08 12:04:59,9523,1,10.8277529762,1.93095238095
2012-07-08 12:05:00,9524,1,13.1796130952,2.35186011905
2012-07-08 12:05:01,9525,1,15.6186011905,2.43898809524
2012-07-08 12:05:02,9526,1,17.9978422619,2.37924107143
2012-07-08 12:05:03,9527,1,20.2303571429,2.23251488095
2012-07-08 12:05:04,9528,1,22.231547619,2.00119047619
2012-07-08 12:05:05,9529,1,23.9510416667,1.71949404762
2012-07-08 12:05:06,9530,1,25.3925595238,1.44151785714
2012-07-08 12:05:07,9531,1,26.6000744048,1.20751488095
2012-07-08 12:05:08,9532,1,27.6348958333,1.03482142857
2012-07-08 12:05:09,9533,1,28.5505208333,0.915625
2012-07-08 12:05:10,9534,1,29.3822916667,0.831770833333
2012-07-08 12:05:11,9535,1,30.1616071429,0.77931547619
2012-07-08 12:05:12,9536,1,30.9233630952,0.761755952381
2012-07-08 12:05:13,9537,1,31.6845238095,0.761160714286
2012-07-08 12:05:14,9538,1,32.4209821429,0.736458333333
2012-07-08 12:05:15,9539,1,33.0802083333,0.659226190476
2012-07-08 12:05:16,9540,1,33.6291666667,0.548958333333
2012-07-08 12:05:17,9541,1,34.0863839286,0.457217261905
2012-07-08 12:05:18,9542,1,34.4953869048,0.409002976191
2012-07-08 12:05:19,9543,1,34.8754464286,0.380059523809
2012-07-08 12:05:20,9544,1,35.2110119048,0.33556547619
2012-07-08 12:05:21,9545,1,35.4839285714,0.272916666667
2012-07-08 12:05:22,9546,1,35.7050595238,0.221130952381
2012-07-08 12:05:23,9547,1,35.8970982143,0.192038690476
2012-07-08 12:05:24,9548,1,36.0441220238,0.147023809524
2012-07-08 12:05:25,9549,1,36.0886160714,0.0444940476191
2012-07-08 12:05:26,9550,1,35.9871279762,-0.101488095238
2012-07-08 12:05:27,9551,1,35.7513392857,-0.235788690476
2012-07-08 12:05:28,9552,1,35.4411458333,-0.310193452381
2012-07-08 12:05:29,9553,1,35.1258184524,-0.315327380952
2012-07-08 12:05:30,9554,1,34.8414434524,-0.284375
2012-07-08 12:05:31,9555,1,34.5830357143,-0.258407738095
2012-07-08 12:05:32,9556,1,34.3345982143,-0.2484375
2012-07-08 12:05:33,9557,1,34.0901785714,-0.244419642857
2012-07-08 12:05:34,9558,1,33.840922619,-0.249255952381
2012-07-08 12:05:35,9559,1,33.5642857143,-0.276636904762
2012-07-08 12:05:36,9560,1,33.2411458333,-0.323139880952
2012-07-08 12:05:37,9561,1,32.8739583333,-0.3671875
2012-07-08 12:05:38,9562,1,32.490327381,-0.383630952381
2012-07-08 12:05:39,9563,1,32.1333333333,-0.356994047619
2012-07-08 12:05:40,9564,1,31.8303571429,-0.302976190476
2012-07-08 12:05:41,9565,1,31.56875,-0.261607142857
2012-07-08 12:05:42,9566,1,31.3121279762,-0.25662202381
2012-07-08 12:05:43,9567,1,31.0308035714,-0.281324404762
2012-07-08 12:05:44,9568,1,30.7142857143,-0.316517857143
2012-07-08 12:05:45,9569,1,30.3625744048,-0.351711309524
2012-07-08 12:05:46,9570,1,29.9636904762,-0.398883928571
2012-07-08 12:05:47,9571,1,29.4905505952,-0.473139880952
2012-07-08 12:05:48,9572,1,28.93125,-0.559300595238
2012-07-08 12:05:49,9573,1,28.3024553571,-0.628794642857
2012-07-08 12:05:50,9574,1,27.612797619,-0.689657738095
2012-07-08 12:05:51,9575,1,26.81875,-0.794047619048
2012-07-08 12:05:52,9576,1,25.8334821429,-0.985267857143
2012-07-08 12:05:53,9577,1,24.5986607143,-1.23482142857
2012-07-08 12:05:54,9578,1,23.1500744048,-1.44858630952
2012-07-08 12:05:55,9579,1,21.584077381,-1.56599702381
2012-07-08 12:05:56,9580,1,19.9316220238,-1.65245535714
2012-07-08 12:05:57,9581,1,18.0738095238,-1.8578125
2012-07-08 12:05:58,9582,1,15.8123511905,-2.26145833333
2012-07-08 12:05:59,9583,1,13.0291666667,-2.78318452381
2012-07-08 12:06:00,9584,1,9.79069940476,-3.2384672619
2012-07-08 12:06:01,9585,1,6.39873511905,-3.39196428571
2012-07-08 12:06:02,9586,1,3.45208333333,-2.94665178571
2012-07-08 12:06:03,9587,1,0.0,-3.45208333333
2012-07-08 12:06:22,9606,19,0.0,0.0
2012-07-08 12:06:23,9607,1,4.08623511905,4.08623511905
2012-07-08 12:06:24,9608,1,7.20066964286,3.11443452381
2012-07-08 12:06:25,9609,1,10.5555803571,3.35491071429
2012-07-08 12:06:26,9610,1,13.7264136905,3.17083333333
2012-07-08 12:06:27,9611,1,16.5060267857,2.77961309524
2012-07-08 12:06:28,9612,1,18.6366071429,2.13058035714
2012-07-08 12:06:29,9613,1,19.8607886905,1.22418154762
2012-07-08 12:06:30,9614,1,20.1509672619,0.290178571429
2012-07-08 12:06:31,9615,1,19.796875,-0.354092261905
2012-07-08 12:06:32,9616,1,19.2584077381,-0.538467261905
2012-07-08 12:06:33,9617,1,18.9160714286,-0.342336309524
2012-07-08 12:06:34,9618,1,18.9366815476,0.0206101190476
2012-07-08 12:06:35,9619,1,19.3460565476,0.409375
2012-07-08 12:06:36,9620,1,20.1359375,0.789880952381
2012-07-08 12:06:37,9621,1,21.2354166667,1.09947916667
2012-07-08 12:06:38,9622,1,22.4319196429,1.19650297619
2012-07-08 12:06:39,9623,1,23.401860119,0.969940476191
2012-07-08 12:06:40,9624,1,23.8640625,0.462202380952
2012-07-08 12:06:41,9625,1,23.7351934524,-0.128869047619
2012-07-08 12:06:42,9626,1,23.1511160714,-0.584077380952
2012-07-08 12:06:43,9627,1,22.3363839286,-0.814732142857
2012-07-08 12:06:44,9628,1,21.4620535714,-0.874330357143
2012-07-08 12:06:45,9629,1,20.623735119,-0.838318452381
2012-07-08 12:06:46,9630,1,19.9030505952,-0.720684523809
2012-07-08 12:06:47,9631,1,19.4,-0.503050595238
2012-07-08 12:06:48,9632,1,19.1985863095,-0.201413690476
2012-07-08 12:06:49,9633,1,19.3069196429,0.108333333333
2012-07-08 12:06:50,9634,1,19.6448660714,0.337946428571
2012-07-08 12:06:51,9635,1,20.1073660714,0.4625
2012-07-08 12:06:52,9636,1,20.6267857143,0.519419642857
2012-07-08 12:06:53,9637,1,21.1608630952,0.534077380952
2012-07-08 12:06:54,9638,1,21.6488095238,0.487946428571
2012-07-08 12:06:55,9639,1,22.0009672619,0.352157738095
2012-07-08 12:06:56,9640,1,22.1251488095,0.124181547619
2012-07-08 12:06:57,9641,1,21.9726190476,-0.152529761905
2012-07-08 12:06:58,9642,1,21.5626488095,-0.409970238095
2012-07-08 12:06:59,9643,1,20.9514880952,-0.611160714286
2012-07-08 12:07:00,9644,1,20.1976190476,-0.753869047619
2012-07-08 12:07:01,9645,1,19.3642113095,-0.833407738095
2012-07-08 12:07:02,9646,1,18.5148065476,-0.849404761905
2012-07-08 12:07:03,9647,1,17.692485119,-0.822321428571
2012-07-08 12:07:04,9648,1,16.9177083333,-0.774776785714
2012-07-08 12:07:05,9649,1,16.196577381,-0.721130952381
2012-07-08 12:07:06,9650,1,15.5244047619,-0.672172619048
2012-07-08 12:07:07,9651,1,14.9014136905,-0.622991071429
2012-07-08 12:07:08,9652,1,14.3688244048,-0.532589285714
2012-07-08 12:07:09,9653,1,14.0427827381,-0.326041666667
2012-07-08 12:07:10,9654,1,14.0994047619,0.0566220238096
2012-07-08 12:07:11,9655,1,14.6864583333,0.587053571429
2012-07-08 12:07:12,9656,1,15.8224702381,1.13601190476
2012-07-08 12:07:13,9657,1,17.3770833333,1.55461309524
2012-07-08 12:07:14,9658,1,19.1418154762,1.76473214286
2012-07-08 12:07:15,9659,1,20.9209821429,1.77916666667
2012-07-08 12:07:16,9660,1,22.576860119,1.65587797619
2012-07-08 12:07:17,9661,1,24.0115327381,1.43467261905
2012-07-08 12:07:18,9662,1,25.1297619048,1.11822916667
2012-07-08 12:07:19,9663,1,25.8380952381,0.708333333333
2012-07-08 12:07:20,9664,1,26.0793154762,0.241220238095
2012-07-08 12:07:21,9665,1,25.8842261905,-0.195089285714
2012-07-08 12:07:22,9666,1,25.4260416667,-0.458184523809
2012-07-08 12:07:23,9667,1,25.0123511905,-0.41369047619
2012-07-08 12:07:24,9668,1,24.9667410714,-0.0456101190476
2012-07-08 12:07:25,9669,1,25.4733630952,0.506622023809
2012-07-08 12:07:26,9670,1,26.5014880952,1.028125
2012-07-08 12:07:27,9671,1,27.84375,1.34226190476
2012-07-08 12:07:28,9672,1,29.215625,1.371875
2012-07-08 12:07:29,9673,1,30.3555059524,1.13988095238
2012-07-08 12:07:30,9674,1,31.1061011905,0.750595238095
2012-07-08 12:07:31,9675,1,31.4666666667,0.360565476191
2012-07-08 12:07:32,9676,1,31.5850446429,0.11837797619
2012-07-08 12:07:33,9677,1,31.6735863095,0.0885416666667
2012-07-08 12:07:34,9678,1,31.8857142857,0.212127976191
2012-07-08 12:07:35,9679,1,32.2428571429,0.357142857143
2012-07-08 12:07:36,9680,1,32.675,0.432142857143
2012-07-08 12:07:37,9681,1,33.1145833333,0.439583333333
2012-07-08 12:07:38,9682,1,33.5341517857,0.419568452381
2012-07-08 12:07:39,9683,1,33.9132440476,0.379092261905
2012-07-08 12:07:40,9684,1,34.198735119,0.285491071429
2012-07-08 12:07:41,9685,1,34.3068452381,0.108110119048
2012-07-08 12:07:42,9686,1,34.1529761905,-0.153869047619
2012-07-08 12:07:43,9687,1,33.654389881,-0.498586309524
2012-07-08 12:07:44,9688,1,32.7019345238,-0.952455357143
2012-07-08 12:07:45,9689,1,31.1618303571,-1.54010416667
2012-07-08 12:07:46,9690,1,28.9374255952,-2.2244047619
2012-07-08 12:07:47,9691,1,26.0773809524,-2.86004464286
2012-07-08 12:07:48,9692,1,22.8699404762,-3.20744047619
2012-07-08 12:07:49,9693,1,19.7960565476,-3.07388392857
2012-07-08 12:07:50,9694,1,17.3220982143,-2.47395833333
2012-07-08 12:07:51,9695,1,15.6964285714,-1.62566964286
2012-07-08 12:07:52,9696,1,14.8723214286,-0.824107142857
2012-07-08 12:07:53,9697,1,14.5723958333,-0.299925595238
2012-07-08 12:07:54,9698,1,14.46875,-0.103645833333
2012-07-08 12:07:55,9699,1,14.3493303571,-0.119419642857
2012-07-08 12:07:56,9700,1,14.1314732143,-0.217857142857
2012-07-08 12:07:57,9701,1,13.753125,-0.378348214286
2012-07-08 12:07:58,9702,1,13.0935267857,-0.659598214286
2012-07-08 12:07:59,9703,1,12.0404761905,-1.05305059524
2012-07-08 12:08:00,9704,1,10.6521577381,-1.38831845238
2012-07-08 12:08:01,9705,1,9.21837797619,-1.4337797619
2012-07-08 12:08:02,9706,1,8.11361607143,-1.10476190476
2012-07-08 12:08:03,9707,1,7.5509672619,-0.562648809524
2012-07-08 12:08:04,9708,1,7.45751488095,-0.0934523809524
2012-07-08 12:08:05,9709,1,7.58303571429,0.125520833333
2012-07-08 12:08:06,9710,1,7.70870535714,0.125669642857
2012-07-08 12:08:07,9711,1,7.74925595238,0.0405505952381
2012-07-08 12:08:08,9712,1,7.71822916667,-0.0310267857143
2012-07-08 12:08:09,9713,1,7.65572916667,-0.0625
2012-07-08 12:08:10,9714,1,7.59055059524,-0.0651785714286
2012-07-08 12:08:11,9715,1,7.54553571429,-0.0450148809524
2012-07-08 12:08:12,9716,1,7.54464285714,-0.000892857142849
2012-07-08 12:08:13,9717,1,7.59441964286,0.0497767857143
2012-07-08 12:08:14,9718,1,7.671875,0.0774553571429
2012-07-08 12:08:15,9719,1,7.73043154762,0.058556547619
2012-07-08 12:08:16,9720,1,7.70751488095,-0.0229166666667
2012-07-08 12:08:17,9721,1,7.55238095238,-0.155133928571
2012-07-08 12:08:18,9722,1,7.26421130952,-0.288169642857
2012-07-08 12:08:19,9723,1,6.88816964286,-0.376041666667
2012-07-08 12:08:20,9724,1,6.47291666667,-0.41525297619
2012-07-08 12:08:21,9725,1,6.04330357143,-0.429613095238
2012-07-08 12:08:22,9726,1,5.61912202381,-0.424181547619
2012-07-08 12:08:23,9727,1,5.25238095238,-0.366741071429
2012-07-08 12:08:24,9728,1,5.02611607143,-0.226264880952
2012-07-08 12:08:25,9729,1,5.00014880952,-0.0259672619048
2012-07-08 12:08:26,9730,1,5.14479166667,0.144642857143
2012-07-08 12:08:27,9731,1,5.32708333333,0.182291666667
2012-07-08 12:08:28,9732,1,5.37686011905,0.0497767857143
2012-07-08 12:08:29,9733,1,5.17648809524,-0.20037202381
2012-07-08 12:08:30,9734,1,4.70699404762,-0.469494047619
2012-07-08 12:08:31,9735,1,4.02455357143,-0.68244047619
2012-07-08 12:08:32,9736,1,3.18563988095,-0.838913690476
2012-07-08 12:08:33,9737,1,2.22998511905,-0.955654761905
2012-07-08 12:08:34,9738,1,1.30074404762,-0.929241071429
2012-07-08 12:08:35,9739,1,0.0,-1.30074404762
2012-07-08 12:38:21,11525,1786,0.0,0.0
2012-07-08 12:38:22,11526,1,1.67291666667,1.67291666667
2012-07-08 12:38:23,11527,1,2.74464285714,1.07172619048
2012-07-08 12:38:24,11528,1,3.64404761905,0.899404761905
2012-07-08 12:38:25,11529,1,4.18206845238,0.538020833333
2012-07-08 12:38:26,11530,1,4.38058035714,0.198511904762
2012-07-08 12:38:27,11531,1,4.34263392857,-0.0379464285714
2012-07-08 12:38:28,11532,1,4.20424107143,-0.138392857143
2012-07-08 12:38:29,11533,1,4.10848214286,-0.0957589285714
2012-07-08 12:38:30,11534,1,4.1443452381,0.0358630952381
2012-07-08 12:38:31,11535,1,4.31026785714,0.165922619048
2012-07-08 12:38:32,11536,1,4.54724702381,0.236979166667
2012-07-08 12:38:33,11537,1,4.7927827381,0.245535714286
2012-07-08 12:38:34,11538,1,5.00498511905,0.212202380952
2012-07-08 12:38:35,11539,1,5.16227678571,0.157291666667
2012-07-08 12:38:36,11540,1,5.25751488095,0.0952380952381
2012-07-08 12:38:37,11541,1,5.29397321429,0.0364583333333
2012-07-08 12:38:38,11542,1,5.28608630952,-0.0078869047619
2012-07-08 12:38:39,11543,1,5.26071428571,-0.0253720238095
2012-07-08 12:38:40,11544,1,5.25386904762,-0.00684523809524
2012-07-08 12:38:41,11545,1,5.30386904762,0.05
2012-07-08 12:38:42,11546,1,5.4427827381,0.138913690476
2012-07-08 12:38:43,11547,1,5.68757440476,0.244791666667
2012-07-08 12:38:44,11548,1,6.03668154762,0.349107142857
2012-07-08 12:38:45,11549,1,6.47001488095,0.433333333333
2012-07-08 12:38:46,11550,1,6.93779761905,0.467782738095
2012-07-08 12:38:47,11551,1,7.35610119048,0.418303571429
2012-07-08 12:38:48,11552,1,7.6427827381,0.286681547619
2012-07-08 12:38:49,11553,1,7.76941964286,0.126636904762
2012-07-08 12:38:50,11554,1,7.78720238095,0.0177827380952
2012-07-08 12:38:51,11555,1,7.80930059524,0.0220982142857
2012-07-08 12:38:52,11556,1,7.9359375,0.126636904762
2012-07-08 12:38:53,11557,1,8.159375,0.2234375
2012-07-08 12:38:54,11558,1,8.33132440476,0.171949404762
2012-07-08 12:38:55,11559,1,8.24419642857,-0.0871279761905
2012-07-08 12:38:56,11560,1,7.80744047619,-0.436755952381
2012-07-08 12:38:57,11561,1,7.17849702381,-0.628943452381
2012-07-08 12:38:58,11562,1,6.68839285714,-0.490104166667
2012-07-08 12:38:59,11563,1,6.61212797619,-0.0762648809524
2012-07-08 12:39:00,11564,1,6.996875,0.38474702381
2012-07-08 12:39:01,11565,1,7.6802827381,0.683407738095
2012-07-08 12:39:02,11566,1,8.44918154762,0.768898809524
2012-07-08 12:39:03,11567,1,9.17239583333,0.723214285714
2012-07-08 12:39:04,11568,1,9.79821428571,0.625818452381
2012-07-08 12:39:05,11569,1,10.2824404762,0.484226190476
2012-07-08 12:39:06,11570,1,10.5703869048,0.287946428571
2012-07-08 12:39:07,11571,1,10.6391369048,0.06875
2012-07-08 12:39:08,11572,1,10.5183035714,-0.120833333333
2012-07-08 12:39:09,11573,1,10.2447916667,-0.273511904762
2012-07-08 12:39:10,11574,1,9.77321428571,-0.471577380952
2012-07-08 12:39:11,11575,1,8.92336309524,-0.849851190476
2012-07-08 12:39:12,11576,1,7.47410714286,-1.44925595238
2012-07-08 12:39:13,11577,1,5.41212797619,-2.06197916667
2012-07-08 12:39:14,11578,1,3.18623511905,-2.22589285714
2012-07-08 12:39:15,11579,1,0.0,-3.18623511905
2012-07-08 12:40:41,11665,86,0.0,0.0
2012-07-08 12:40:42,11666,1,3.42507440476,3.42507440476
2012-07-08 12:40:43,11667,1,6.02120535714,2.59613095238
2012-07-08 12:40:44,11668,1,8.60081845238,2.57961309524
2012-07-08 12:40:45,11669,1,10.601264881,2.00044642857
2012-07-08 12:40:46,11670,1,11.9442708333,1.34300595238
2012-07-08 12:40:47,11671,1,12.7944196429,0.850148809524
2012-07-08 12:40:48,11672,1,13.285639881,0.491220238095
2012-07-08 12:40:49,11673,1,13.4691220238,0.183482142857
2012-07-08 12:40:50,11674,1,13.4227678571,-0.0463541666666
2012-07-08 12:40:51,11675,1,13.3027529762,-0.120014880952
2012-07-08 12:40:52,11676,1,13.2398065476,-0.0629464285715
2012-07-08 12:40:53,11677,1,13.1880208333,-0.0517857142857
2012-07-08 12:40:54,11678,1,12.9400297619,-0.247991071429
2012-07-08 12:40:55,11679,1,12.3340029762,-0.606026785714
2012-07-08 12:40:56,11680,1,11.4205357143,-0.913467261905
2012-07-08 12:40:57,11681,1,10.4273809524,-0.993154761905
2012-07-08 12:40:58,11682,1,9.59188988095,-0.835491071429
2012-07-08 12:40:59,11683,1,9.021875,-0.570014880952
2012-07-08 12:41:00,11684,1,8.68675595238,-0.335119047619
2012-07-08 12:41:01,11685,1,8.50148809524,-0.185267857143
2012-07-08 12:41:02,11686,1,8.39203869048,-0.109449404762
2012-07-08 12:41:03,11687,1,8.30171130952,-0.0903273809524
2012-07-08 12:41:04,11688,1,8.16324404762,-0.138467261905
2012-07-08 12:41:05,11689,1,7.87946428571,-0.283779761905
2012-07-08 12:41:06,11690,1,7.37366071429,-0.505803571429
2012-07-08 12:41:07,11691,1,6.68660714286,-0.687053571429
2012-07-08 12:41:08,11692,1,5.9900297619,-0.696577380952
2012-07-08 12:41:09,11693,1,5.4677827381,-0.52224702381
2012-07-08 12:41:10,11694,1,5.15796130952,-0.309821428571
2012-07-08 12:41:11,11695,1,4.89791666667,-0.260044642857
2012-07-08 12:41:12,11696,1,4.46731150794,-0.43060515873
2012-07-08 12:41:13,11697,1,3.81111111111,-0.656200396825
2012-07-08 12:41:14,11698,1,3.08980654762,-0.721304563492
2012-07-08 12:41:15,11699,1,2.52276785714,-0.567038690476
2012-07-08 12:41:16,11700,1,2.21592261905,-0.306845238095
2012-07-08 12:41:17,11701,1,2.12953869048,-0.0863839285714
2012-07-08 12:41:18,11702,1,2.18933531746,0.0597966269841
2012-07-08 12:41:19,11703,1,2.38685515873,0.19751984127
2012-07-08 12:41:20,11704,1,2.74561011905,0.358754960317
2012-07-08 12:41:21,11705,1,3.22924107143,0.483630952381
2012-07-08 12:41:22,11706,1,3.7099702381,0.480729166667
2012-07-08 12:41:23,11707,1,4.02507440476,0.315104166667
2012-07-08 12:41:24,11708,1,4.08643353175,0.0613591269841
2012-07-08 12:41:25,11709,1,3.93737599206,-0.149057539683
2012-07-08 12:41:26,11710,1,3.66391369048,-0.273462301587
2012-07-08 12:41:27,11711,1,3.24270833333,-0.421205357143
2012-07-08 12:41:28,11712,1,2.55349702381,-0.689211309524
2012-07-08 12:41:29,11713,1,1.64508928571,-0.908407738095
2012-07-08 12:41:30,11714,1,0.0,-1.64508928571
2012-07-08 12:49:48,12212,498,0.0,0.0
2012-07-08 12:49:49,12213,1,1.64620535714,1.64620535714
2012-07-08 12:49:50,12214,1,2.66741071429,1.02120535714
2012-07-08 12:49:51,12215,1,3.52946428571,0.862053571429
2012-07-08 12:49:52,12216,1,4.09665178571,0.5671875
2012-07-08 12:49:53,12217,1,4.45089285714,0.354241071429
2012-07-08 12:49:54,12218,1,4.68668154762,0.235788690476
2012-07-08 12:49:55,12219,1,4.84188988095,0.155208333333
2012-07-08 12:49:56,12220,1,4.91160714286,0.0697172619048
2012-07-08 12:49:57,12221,1,4.86785714286,-0.04375
2012-07-08 12:49:58,12222,1,4.66941964286,-0.1984375
2012-07-08 12:49:59,12223,1,4.27589285714,-0.393526785714
2012-07-08 12:50:00,12224,1,3.71949404762,-0.556398809524
2012-07-08 12:50:01,12225,1,3.18549107143,-0.53400297619
2012-07-08 12:50:02,12226,1,2.95617559524,-0.22931547619
2012-07-08 12:50:03,12227,1,3.23467261905,0.27849702381
2012-07-08 12:50:04,12228,1,4.00476190476,0.770089285714
2012-07-08 12:50:05,12229,1,5.02477678571,1.02001488095
2012-07-08 12:50:06,12230,1,5.96696428571,0.9421875
2012-07-08 12:50:07,12231,1,6.60639880952,0.63943452381
2012-07-08 12:50:08,12232,1,6.88943452381,0.283035714286
2012-07-08 12:50:09,12233,1,6.83020833333,-0.0592261904762
2012-07-08 12:50:10,12234,1,6.37857142857,-0.451636904762
2012-07-08 12:50:11,12235,1,5.42745535714,-0.951116071429
2012-07-08 12:50:12,12236,1,3.98147321429,-1.44598214286
2012-07-08 12:50:13,12237,1,2.3744047619,-1.60706845238
2012-07-08 12:50:14,12238,1,0.0,-2.3744047619
2012-07-08 12:50:28,12252,14,0.0,0.0
2012-07-08 12:50:29,12253,1,2.5056547619,2.5056547619
2012-07-08 12:50:30,12254,1,4.13392857143,1.62827380952
2012-07-08 12:50:31,12255,1,5.58229166667,1.44836309524
2012-07-08 12:50:32,12256,1,6.61860119048,1.03630952381
2012-07-08 12:50:33,12257,1,7.32046130952,0.701860119048
2012-07-08 12:50:34,12258,1,7.80401785714,0.483556547619
2012-07-08 12:50:35,12259,1,8.10818452381,0.304166666667
2012-07-08 12:50:36,12260,1,8.23080357143,0.122619047619
2012-07-08 12:50:37,12261,1,8.18273809524,-0.0480654761905
2012-07-08 12:50:38,12262,1,8.00066964286,-0.182068452381
2012-07-08 12:50:39,12263,1,7.73430059524,-0.266369047619
2012-07-08 12:50:40,12264,1,7.42819940476,-0.306101190476
2012-07-08 12:50:41,12265,1,7.11279761905,-0.315401785714
2012-07-08 12:50:42,12266,1,6.79665178571,-0.316145833333
2012-07-08 12:50:43,12267,1,6.44732142857,-0.349330357143
2012-07-08 12:50:44,12268,1,5.98712797619,-0.460193452381
2012-07-08 12:50:45,12269,1,5.31473214286,-0.672395833333
2012-07-08 12:50:46,12270,1,4.3380952381,-0.976636904762
2012-07-08 12:50:47,12271,1,3.06711309524,-1.27098214286
2012-07-08 12:50:48,12272,1,1.79151785714,-1.2755952381
2012-07-08 12:50:49,12273,1,0.0,-1.79151785714
2012-07-08 12:51:10,12294,21,0.0,0.0
2012-07-08 12:51:11,12295,1,4.28988095238,4.28988095238
2012-07-08 12:51:12,12296,1,7.76525297619,3.47537202381
2012-07-08 12:51:13,12297,1,11.5787202381,3.8134672619
2012-07-08 12:51:14,12298,1,15.1819940476,3.60327380952
2012-07-08 12:51:15,12299,1,18.3567708333,3.17477678571
2012-07-08 12:51:16,12300,1,21.085639881,2.72886904762
2012-07-08 12:51:17,12301,1,23.4373511905,2.35171130952
2012-07-08 12:51:18,12302,1,25.5121279762,2.07477678571
2012-07-08 12:51:19,12303,1,27.3927083333,1.88058035714
2012-07-08 12:51:20,12304,1,29.0754464286,1.68273809524
2012-07-08 12:51:21,12305,1,30.453125,1.37767857143
2012-07-08 12:51:22,12306,1,31.4085565476,0.955431547619
2012-07-08 12:51:23,12307,1,31.9421130952,0.533556547619
2012-07-08 12:51:24,12308,1,32.2066964286,0.264583333333
2012-07-08 12:51:25,12309,1,32.4180059524,0.21130952381
2012-07-08 12:51:26,12310,1,32.7133184524,0.2953125
2012-07-08 12:51:27,12311,1,33.0730654762,0.359747023809
2012-07-08 12:51:28,12312,1,33.3685267857,0.295461309524
2012-07-08 12:51:29,12313,1,33.4776785714,0.109151785714
2012-07-08 12:51:30,12314,1,33.3561011905,-0.121577380952
2012-07-08 12:51:31,12315,1,33.0323660714,-0.323735119048
2012-07-08 12:51:32,12316,1,32.5826636905,-0.449702380952
2012-07-08 12:51:33,12317,1,32.1026785714,-0.479985119048
2012-07-08 12:51:34,12318,1,31.6585565476,-0.44412202381
2012-07-08 12:51:35,12319,1,31.2645833333,-0.393973214286
2012-07-08 12:51:36,12320,1,30.9336309524,-0.330952380952
2012-07-08 12:51:37,12321,1,30.733110119,-0.200520833333
2012-07-08 12:51:38,12322,1,30.7616815476,0.0285714285714
2012-07-08 12:51:39,12323,1,31.0607142857,0.299032738095
2012-07-08 12:51:40,12324,1,31.5433779762,0.482663690476
2012-07-08 12:51:41,12325,1,32.0235863095,0.480208333333
2012-07-08 12:51:42,12326,1,32.3446428571,0.321056547619
2012-07-08 12:51:43,12327,1,32.4904761905,0.145833333333
2012-07-08 12:51:44,12328,1,32.5760416667,0.0855654761905
2012-07-08 12:51:45,12329,1,32.7521577381,0.176116071429
2012-07-08 12:51:46,12330,1,33.1220238095,0.369866071429
2012-07-08 12:51:47,12331,1,33.7110119048,0.588988095238
2012-07-08 12:51:48,12332,1,34.478422619,0.767410714286
2012-07-08 12:51:49,12333,1,35.3491071429,0.87068452381
2012-07-08 12:51:50,12334,1,36.2415178571,0.892410714286
2012-07-08 12:51:51,12335,1,37.0735119048,0.831994047619
2012-07-08 12:51:52,12336,1,37.7556547619,0.682142857143
2012-07-08 12:51:53,12337,1,38.2043154762,0.448660714286
2012-07-08 12:51:54,12338,1,38.3791666667,0.174851190476
2012-07-08 12:51:55,12339,1,38.312797619,-0.0663690476191
2012-07-08 12:51:56,12340,1,38.1027529762,-0.210044642857
2012-07-08 12:51:57,12341,1,37.8645089286,-0.238244047619
2012-07-08 12:51:58,12342,1,37.6820684524,-0.18244047619
2012-07-08 12:51:59,12343,1,37.597172619,-0.0848958333333
2012-07-08 12:52:00,12344,1,37.6258184524,0.0286458333334
2012-07-08 12:52:01,12345,1,37.7598214286,0.13400297619
2012-07-08 12:52:02,12346,1,37.9448660714,0.185044642857
2012-07-08 12:52:03,12347,1,38.0707589286,0.125892857143
2012-07-08 12:52:04,12348,1,38.0061755952,-0.0645833333333
2012-07-08 12:52:05,12349,1,37.6577380952,-0.3484375
2012-07-08 12:52:06,12350,1,36.9997767857,-0.657961309524
2012-07-08 12:52:07,12351,1,36.0544642857,-0.9453125
2012-07-08 12:52:08,12352,1,34.8502232143,-1.20424107143
2012-07-08 12:52:09,12353,1,33.3889880952,-1.46123511905
2012-07-08 12:52:10,12354,1,31.6357886905,-1.75319940476
2012-07-08 12:52:11,12355,1,29.5337797619,-2.10200892857
2012-07-08 12:52:12,12356,1,27.0295386905,-2.50424107143
2012-07-08 12:52:13,12357,1,24.0989583333,-2.93058035714
2012-07-08 12:52:14,12358,1,20.7867559524,-3.31220238095
2012-07-08 12:52:15,12359,1,17.2399181548,-3.54683779762
2012-07-08 12:52:16,12360,1,13.6797619048,-3.56015625
2012-07-08 12:52:17,12361,1,10.3093005952,-3.37046130952
2012-07-08 12:52:18,12362,1,7.23958333333,-3.0697172619
2012-07-08 12:52:19,12363,1,4.53876488095,-2.70081845238
2012-07-08 12:52:20,12364,1,2.4140625,-2.12470238095
2012-07-08 12:52:21,12365,1,0.0,-2.4140625
2012-07-08 12:53:34,12438,73,0.0,0.0
2012-07-08 12:53:35,12439,1,3.87957589286,3.87957589286
2012-07-08 12:53:36,12440,1,6.92924107143,3.04966517857
2012-07-08 12:53:37,12441,1,10.2061755952,3.27693452381
2012-07-08 12:53:38,12442,1,13.2577380952,3.0515625
2012-07-08 12:53:39,12443,1,15.9964285714,2.73869047619
2012-07-08 12:53:40,12444,1,18.5130952381,2.51666666667
2012-07-08 12:53:41,12445,1,20.8985863095,2.38549107143
2012-07-08 12:53:42,12446,1,23.1683035714,2.2697172619
2012-07-08 12:53:43,12447,1,25.280952381,2.11264880952
2012-07-08 12:53:44,12448,1,27.184077381,1.903125
2012-07-08 12:53:45,12449,1,28.8397321429,1.6556547619
2012-07-08 12:53:46,12450,1,30.2311011905,1.39136904762
2012-07-08 12:53:47,12451,1,31.3613839286,1.1302827381
2012-07-08 12:53:48,12452,1,32.2511904762,0.889806547619
2012-07-08 12:53:49,12453,1,32.9392113095,0.688020833333
2012-07-08 12:53:50,12454,1,33.4797619048,0.540550595238
2012-07-08 12:53:51,12455,1,33.9287202381,0.448958333333
2012-07-08 12:53:52,12456,1,34.3286458333,0.399925595238
2012-07-08 12:53:53,12457,1,34.7081845238,0.379538690476
2012-07-08 12:53:54,12458,1,35.0930803571,0.384895833333
2012-07-08 12:53:55,12459,1,35.5107886905,0.417708333333
2012-07-08 12:53:56,12460,1,35.9790178571,0.468229166667
2012-07-08 12:53:57,12461,1,36.4930803571,0.5140625
2012-07-08 12:53:58,12462,1,37.0211309524,0.528050595238
2012-07-08 12:53:59,12463,1,37.5098214286,0.48869047619
2012-07-08 12:54:00,12464,1,37.9160714286,0.40625
2012-07-08 12:54:01,12465,1,38.2392113095,0.323139880952
2012-07-08 12:54:02,12466,1,38.5108630952,0.271651785714
2012-07-08 12:54:03,12467,1,38.7644345238,0.253571428571
2012-07-08 12:54:04,12468,1,39.0080357143,0.243601190476
2012-07-08 12:54:05,12469,1,39.2091517857,0.201116071429
2012-07-08 12:54:06,12470,1,39.3245535714,0.115401785714
2012-07-08 12:54:07,12471,1,39.3482886905,0.0237351190476
2012-07-08 12:54:08,12472,1,39.3122767857,-0.0360119047619
2012-07-08 12:54:09,12473,1,39.2511160714,-0.0611607142857
2012-07-08 12:54:10,12474,1,39.1774553571,-0.0736607142857
2012-07-08 12:54:11,12475,1,39.0929315476,-0.0845238095239
2012-07-08 12:54:12,12476,1,39.0151041667,-0.0778273809523
2012-07-08 12:54:13,12477,1,38.9621279762,-0.0529761904762
2012-07-08 12:54:14,12478,1,38.9138392857,-0.0482886904762
2012-07-08 12:54:15,12479,1,38.8242559524,-0.0895833333333
2012-07-08 12:54:16,12480,1,38.6677827381,-0.156473214286
2012-07-08 12:54:17,12481,1,38.4540922619,-0.21369047619
2012-07-08 12:54:18,12482,1,38.2040178571,-0.250074404762
2012-07-08 12:54:19,12483,1,37.9116071429,-0.292410714286
2012-07-08 12:54:20,12484,1,37.5255952381,-0.386011904762
2012-07-08 12:54:21,12485,1,36.977827381,-0.547767857143
2012-07-08 12:54:22,12486,1,36.2328869048,-0.744940476191
2012-07-08 12:54:23,12487,1,35.2966517857,-0.936235119048
2012-07-08 12:54:24,12488,1,34.173139881,-1.12351190476
2012-07-08 12:54:25,12489,1,32.8191220238,-1.35401785714
2012-07-08 12:54:26,12490,1,31.1270833333,-1.69203869048
2012-07-08 12:54:27,12491,1,28.9363839286,-2.19069940476
2012-07-08 12:54:28,12492,1,26.0712053571,-2.86517857143
2012-07-08 12:54:29,12493,1,22.4126488095,-3.65855654762
2012-07-08 12:54:30,12494,1,18.0560267857,-4.35662202381
2012-07-08 12:54:31,12495,1,13.5319940476,-4.5240327381
2012-07-08 12:54:32,12496,1,9.82462797619,-3.70736607143
2012-07-08 12:54:33,12497,1,7.96882440476,-1.85580357143
2012-07-08 12:54:34,12498,1,8.46443452381,0.495610119048
2012-07-08 12:54:35,12499,1,10.9707589286,2.50632440476
2012-07-08 12:54:36,12500,1,14.526264881,3.55550595238
2012-07-08 12:54:37,12501,1,18.1430803571,3.61681547619
2012-07-08 12:54:38,12502,1,21.2857886905,3.14270833333
2012-07-08 12:54:39,12503,1,23.8894345238,2.60364583333
2012-07-08 12:54:40,12504,1,26.1019345238,2.2125
2012-07-08 12:54:41,12505,1,28.0771577381,1.97522321429
2012-07-08 12:54:42,12506,1,29.8921130952,1.81495535714
2012-07-08 12:54:43,12507,1,31.5419642857,1.64985119048
2012-07-08 12:54:44,12508,1,32.9874255952,1.44546130952
2012-07-08 12:54:45,12509,1,34.2222470238,1.23482142857
2012-07-08 12:54:46,12510,1,35.2883928571,1.06614583333
2012-07-08 12:54:47,12511,1,36.2204613095,0.932068452381
2012-07-08 12:54:48,12512,1,37.0181547619,0.797693452381
2012-07-08 12:54:49,12513,1,37.6732886905,0.655133928571
2012-07-08 12:54:50,12514,1,38.1902529762,0.516964285714
2012-07-08 12:54:51,12515,1,38.604985119,0.414732142857
2012-07-08 12:54:52,12516,1,38.9691964286,0.364211309524
2012-07-08 12:54:53,12517,1,39.2750744048,0.305877976191
2012-07-08 12:54:54,12518,1,39.4451636905,0.170089285714
2012-07-08 12:54:55,12519,1,39.4204613095,-0.0247023809524
2012-07-08 12:54:56,12520,1,39.2177083333,-0.202752976191
2012-07-08 12:54:57,12521,1,38.9125,-0.305208333333
2012-07-08 12:54:58,12522,1,38.5928571429,-0.319642857143
2012-07-08 12:54:59,12523,1,38.3142857143,-0.278571428571
2012-07-08 12:55:00,12524,1,38.0794642857,-0.234821428571
2012-07-08 12:55:01,12525,1,37.8392113095,-0.240252976191
2012-07-08 12:55:02,12526,1,37.5027529762,-0.336458333333
2012-07-08 12:55:03,12527,1,36.973139881,-0.529613095238
2012-07-08 12:55:04,12528,1,36.2092261905,-0.763913690476
2012-07-08 12:55:05,12529,1,35.2689732143,-0.940252976191
2012-07-08 12:55:06,12530,1,34.2819196429,-0.987053571429
2012-07-08 12:55:07,12531,1,33.3595982143,-0.922321428571
2012-07-08 12:55:08,12532,1,32.5223958333,-0.837202380952
2012-07-08 12:55:09,12533,1,31.709077381,-0.813318452381
2012-07-08 12:55:10,12534,1,30.8560267857,-0.853050595238
2012-07-08 12:55:11,12535,1,29.9645833333,-0.891443452381
2012-07-08 12:55:12,12536,1,29.0863839286,-0.878199404762
2012-07-08 12:55:13,12537,1,28.2574404762,-0.828943452381
2012-07-08 12:55:14,12538,1,27.465625,-0.791815476191
2012-07-08 12:55:15,12539,1,26.6735119048,-0.792113095238
2012-07-08 12:55:16,12540,1,25.8468005952,-0.826711309524
2012-07-08 12:55:17,12541,1,24.9395833333,-0.907217261905
2012-07-08 12:55:18,12542,1,23.8604166667,-1.07916666667
2012-07-08 12:55:19,12543,1,22.4720982143,-1.38831845238
2012-07-08 12:55:20,12544,1,20.6259672619,-1.84613095238
2012-07-08 12:55:21,12545,1,18.2282986111,-2.39766865079
2012-07-08 12:55:22,12546,1,15.3103174603,-2.91798115079
2012-07-08 12:55:23,12547,1,12.0552083333,-3.25510912698
2012-07-08 12:55:24,12548,1,8.82544642857,-3.22976190476
2012-07-08 12:55:25,12549,1,6.13854166667,-2.6869047619
2012-07-08 12:55:26,12550,1,4.48229166667,-1.65625
2012-07-08 12:55:27,12551,1,4.13521825397,-0.347073412698
2012-07-08 12:55:28,12552,1,5.13025793651,0.99503968254
2012-07-08 12:55:29,12553,1,7.26964285714,2.13938492063
2012-07-08 12:55:30,12554,1,10.2004464286,2.93080357143
2012-07-08 12:55:31,12555,1,13.5329613095,3.33251488095
2012-07-08 12:55:32,12556,1,16.8921130952,3.35915178571
2012-07-08 12:55:33,12557,1,19.9614831349,3.06937003968
2012-07-08 12:55:34,12558,1,22.5356894841,2.57420634921
2012-07-08 12:55:35,12559,1,24.4930803571,1.95739087302
2012-07-08 12:55:36,12560,1,25.7662202381,1.27313988095
2012-07-08 12:55:37,12561,1,26.3808779762,0.614657738095
2012-07-08 12:55:38,12562,1,26.4752232143,0.0943452380952
2012-07-08 12:55:39,12563,1,26.2499255952,-0.225297619048
2012-07-08 12:55:40,12564,1,25.8886160714,-0.361309523809
2012-07-08 12:55:41,12565,1,25.5032738095,-0.385342261905
2012-07-08 12:55:42,12566,1,25.1428571429,-0.360416666667
2012-07-08 12:55:43,12567,1,24.8317708333,-0.311086309524
2012-07-08 12:55:44,12568,1,24.5744791667,-0.257291666667
2012-07-08 12:55:45,12569,1,24.3418154762,-0.232663690476
2012-07-08 12:55:46,12570,1,24.0890625,-0.252752976191
2012-07-08 12:55:47,12571,1,23.7967261905,-0.292336309524
2012-07-08 12:55:48,12572,1,23.493452381,-0.303273809524
2012-07-08 12:55:49,12573,1,23.237797619,-0.255654761905
2012-07-08 12:55:50,12574,1,23.0746279762,-0.163169642857
2012-07-08 12:55:51,12575,1,23.0211309524,-0.0534970238096
2012-07-08 12:55:52,12576,1,23.0956845238,0.0745535714286
2012-07-08 12:55:53,12577,1,23.3171875,0.221502976191
2012-07-08 12:55:54,12578,1,23.6410714286,0.323883928571
2012-07-08 12:55:55,12579,1,23.9223958333,0.281324404762
2012-07-08 12:55:56,12580,1,23.9816220238,0.0592261904762
2012-07-08 12:55:57,12581,1,23.7132440476,-0.268377976191
2012-07-08 12:55:58,12582,1,23.136235119,-0.577008928571
2012-07-08 12:55:59,12583,1,22.3546875,-0.781547619048
2012-07-08 12:56:00,12584,1,21.4719494048,-0.882738095238
2012-07-08 12:56:01,12585,1,20.545014881,-0.926934523809
2012-07-08 12:56:02,12586,1,19.6198660714,-0.925148809524
2012-07-08 12:56:03,12587,1,18.7716517857,-0.848214285714
2012-07-08 12:56:04,12588,1,18.0758928571,-0.695758928571
2012-07-08 12:56:05,12589,1,17.5617559524,-0.514136904762
2012-07-08 12:56:06,12590,1,17.209375,-0.352380952381
2012-07-08 12:56:07,12591,1,16.9709821429,-0.238392857143
2012-07-08 12:56:08,12592,1,16.7963541667,-0.17462797619
2012-07-08 12:56:09,12593,1,16.6584077381,-0.137946428571
2012-07-08 12:56:10,12594,1,16.555952381,-0.102455357143
2012-07-08 12:56:11,12595,1,16.4938244048,-0.0621279761905
2012-07-08 12:56:12,12596,1,16.4646577381,-0.0291666666667
2012-07-08 12:56:13,12597,1,16.441889881,-0.0227678571428
2012-07-08 12:56:14,12598,1,16.3829613095,-0.0589285714286
2012-07-08 12:56:15,12599,1,16.2417410714,-0.141220238095
2012-07-08 12:56:16,12600,1,15.9833333333,-0.258407738095
2012-07-08 12:56:17,12601,1,15.5912946429,-0.392038690476
2012-07-08 12:56:18,12602,1,15.0715029762,-0.519791666667
2012-07-08 12:56:19,12603,1,14.4541666667,-0.617336309524
2012-07-08 12:56:20,12604,1,13.7686011905,-0.68556547619
2012-07-08 12:56:21,12605,1,12.9974702381,-0.771130952381
2012-07-08 12:56:22,12606,1,12.0796875,-0.917782738095
2012-07-08 12:56:23,12607,1,10.9833333333,-1.09635416667
2012-07-08 12:56:24,12608,1,9.7697172619,-1.21361607143
2012-07-08 12:56:25,12609,1,8.57976190476,-1.18995535714
2012-07-08 12:56:26,12610,1,7.5505952381,-1.02916666667
2012-07-08 12:56:27,12611,1,6.72016369048,-0.830431547619
2012-07-08 12:56:28,12612,1,5.99672619048,-0.7234375
2012-07-08 12:56:29,12613,1,5.21421130952,-0.782514880952
2012-07-08 12:56:30,12614,1,4.22053571429,-0.993675595238
2012-07-08 12:56:31,12615,1,2.9853422619,-1.23519345238
2012-07-08 12:56:32,12616,1,1.72864583333,-1.25669642857
2012-07-08 12:56:33,12617,1,0.0,-1.72864583333
